# E_eV,sigma_cm2
# H electron impact ionization cross section
# E_eV: beam energy [eV]  sigma_cm2: cross section [cm^2]
1.361929879309999869e+01,3.200669240525277313e-19
1.367799563852001832e+01,3.444095111168986686e-19
1.373694545729164673e+01,3.703263381172168128e-19
1.379614933968670876e+01,3.978979541796871258e-19
1.385560838067590872e+01,4.272075845249838527e-19
1.391532367994909158e+01,4.583411315368684953e-19
1.397529634193557513e+01,4.913871701315323880e-19
1.403552747582457982e+01,5.264369372214255207e-19
1.409601819558573865e+01,5.635843150623370112e-19
1.415676961998970818e+01,6.029258082946766908e-19
1.421778287262885065e+01,6.445605144984242595e-19
1.427905908193802631e+01,6.885900881028567909e-19
1.434059938121543532e+01,7.351186974991973216e-19
1.440240490864362322e+01,7.842529752287408297e-19
1.446447680731049878e+01,8.361019611331716101e-19
1.452681622523047977e+01,8.907770383795788798e-19
1.458942431536573636e+01,9.483918622726156212e-19
1.465230223564750212e+01,1.009062281818165377e-18
1.471545114899750040e+01,1.072906253993478062e-18
1.477887222334944717e+01,1.140043750718017037e-18
1.484256663167064794e+01,1.210596658541486162e-18
1.490653555198370483e+01,1.284688671074045706e-18
1.497078016738828765e+01,1.362445174219606355e-18
1.503530166608302920e+01,1.443993124300143892e-18
1.510010124138748999e+01,1.529460919166651593e-18
1.516518009176423831e+01,1.618978262423734228e-18
1.523053942084100498e+01,1.712676020924070506e-18
1.529618043743295708e+01,1.810686075707903036e-18
1.536210435556504095e+01,1.913141166577205599e-18
1.542831239449444958e+01,2.020174730527883223e-18
1.549480577873316101e+01,2.131920734288336387e-18
1.556158573807059220e+01,2.248513501216354540e-18
1.562865350759633820e+01,2.370087532858795129e-18
1.569601032772303206e+01,2.496777325452794537e-18
1.576365744420924742e+01,2.628717181711307197e-18
1.583159610818258400e+01,2.766041018248105113e-18
1.589982757616278342e+01,2.908882168984970129e-18
1.596835311008497271e+01,3.057373184902829828e-18
1.603717397732300043e+01,3.211645630602580848e-18
1.610629145071287738e+01,3.371829877979963953e-18
1.617570680857632581e+01,3.538054897559733956e-18
1.624542133474441385e+01,3.710448047782531826e-18
1.631543631858129828e+01,3.889134862856271463e-18
1.638575305500807389e+01,4.074238839443686620e-18
1.645637284452673299e+01,4.265881222815988088e-18
1.652729699324419599e+01,4.464180792827757225e-18
1.659852681289648757e+01,4.669253650245496449e-18
1.667006362087299465e+01,4.881213003894585956e-18
1.674190874024081310e+01,5.100168959061892052e-18
1.681406349976924375e+01,5.326228307735450735e-18
1.688652923395435224e+01,5.559494321059266530e-18
1.695930728304365331e+01,5.800066544496877872e-18
1.703239899306089455e+01,6.048040596265698488e-18
1.710580571583096798e+01,6.303507969361957806e-18
1.717952880900487855e+01,6.566555837811692490e-18
1.725356963608489025e+01,6.837266867377233610e-18
1.732792956644972548e+01,7.115719031415947764e-18
1.740260997537989951e+01,7.401985432108183535e-18
1.747761224408313652e+01,7.696134127601180933e-18
1.755293775971994208e+01,7.998227965397272496e-18
1.762858791542924308e+01,8.308324422463435074e-18
1.770456411035415556e+01,8.626475452282768265e-18
1.778086774966785910e+01,8.952727339449043895e-18
1.785750024459959917e+01,9.287120561807913359e-18
1.793446301246076402e+01,9.629689660839978097e-18
1.801175747667112503e+01,9.980463120245398838e-18
1.808938506678514102e+01,1.033946325328556963e-17
1.816734721851840106e+01,1.070670609888166255e-17
1.824564537377419526e+01,1.108220132693029250e-17
1.832428098067016364e+01,1.146595215293621334e-17
1.840325549356508006e+01,1.185795526213442049e-17
1.848257037308576400e+01,1.225820074327270900e-17
1.856222708615408123e+01,1.266667203235609027e-17
1.864222710601408295e+01,1.308334586622692388e-17
1.872257191225924799e+01,1.350819224609050686e-17
1.880326299085984587e+01,1.394117441147287245e-17
1.888430183419043118e+01,1.438224882393081539e-17
1.896568994105744466e+01,1.483136516121325052e-17
1.904742881672689236e+01,1.528846632156077734e-17
1.912951997295225581e+01,1.575348843797449748e-17
1.921196492800239497e+01,1.622636090290278197e-17
1.929476520668966089e+01,1.670700640249983939e-17
1.937792234039807227e+01,1.719534096130954009e-17
1.946143786711166257e+01,1.769127399637724063e-17
1.954531333144290173e+01,1.819470838124312330e-17
1.962955028466128482e+01,1.870554051929605758e-17
1.971415028472200959e+01,1.922366042675711422e-17
1.979911489629478893e+01,1.974895182436243728e-17
1.988444569079279844e+01,2.028129223825119218e-17
1.997014424640173758e+01,2.082055310966572492e-17
2.005621214810901520e+01,2.136659991264142780e-17
2.014265098773305596e+01,2.191929228040380215e-17
2.022946236395275932e+01,2.247848413915566875e-17
2.031664788233705465e+01,2.304402384982707847e-17
2.040420915537459834e+01,2.361575435688087811e-17
2.049214780250360590e+01,2.419351334436565850e-17
2.058046545014175877e+01,2.477713339813405416e-17
2.066916373171636323e+01,2.536644217491306424e-17
2.075824428769449170e+01,2.596126257668023948e-17
2.084770876561336550e+01,2.656141293149156506e-17
2.093755882011079450e+01,2.716670717851897027e-17
2.102779611295580153e+01,2.777695505879926810e-17
2.111842231307934625e+01,2.839196230997942108e-17
2.120943909660520177e+01,2.901153086527207797e-17
2.130084814688093786e+01,2.963545905623101215e-17
2.139265115450907118e+01,3.026354181881120744e-17
2.148484981737832200e+01,3.089557090220425819e-17
2.157744584069502380e+01,3.153133508071991881e-17
2.167044093701465002e+01,3.217062036727653514e-17
2.176383682627350424e+01,3.281321022914585532e-17
2.185763523582051704e+01,3.345888580475058798e-17
2.195183790044919192e+01,3.410742612219809528e-17
2.204644656242970413e+01,3.475860831762042677e-17
2.214146297154110954e+01,3.541220785444849403e-17
2.223688888510371342e+01,3.606799874270547991e-17
2.233272606801157067e+01,3.672575375754018651e-17
2.242897629276512816e+01,3.738524465703159268e-17
2.252564133950400560e+01,3.804624239974980152e-17
2.262272299603991499e+01,3.870851735986599699e-17
2.272022305788975061e+01,3.937183954132923970e-17
2.281814332830873582e+01,4.003597878962054762e-17
2.291648561832385411e+01,4.070070500139831459e-17
2.301525174676729080e+01,4.136578833173577410e-17
2.311444354031008785e+01,4.203099939803372858e-17
2.321406283349592670e+01,4.269610948149531650e-17
2.331411146877505303e+01,4.336089072440995585e-17
2.341459129653836868e+01,4.402511632456251819e-17
2.351550417515163005e+01,4.468856072542865442e-17
2.361685197098984190e+01,4.535099980226205324e-17
2.371863655847176133e+01,4.601221104451758877e-17
2.382085982009456870e+01,4.667197373259014594e-17
2.392352364646868779e+01,4.733006911152391191e-17
2.402662993635274447e+01,4.798628055847920769e-17
2.413018059668869242e+01,4.864039374640032601e-17
2.423417754263708446e+01,4.929219680170509759e-17
2.433862269761247532e+01,4.994148045723545579e-17
2.444351799331902697e+01,5.058803819989122038e-17
2.454886536978617784e+01,5.123166641263720776e-17
2.465466677540459628e+01,5.187216451114422573e-17
2.476092416696216958e+01,5.250933507462925974e-17
2.486763950968020609e+01,5.314298397103969896e-17
2.497481477724978305e+01,5.377292047709580407e-17
2.508245195186824006e+01,5.439895739136474131e-17
2.519055302427585730e+01,5.502091114293462159e-17
2.529911999379266163e+01,5.563860189314666848e-17
2.540815486835540327e+01,5.625185363159527011e-17
2.551765966455470291e+01,5.686049426748370493e-17
2.562763640767233397e+01,5.746435571342834245e-17
2.573808713171869655e+01,5.806327396472522968e-17
2.584901387947041584e+01,5.865708917186408376e-17
2.596041870250813943e+01,5.924564570826650833e-17
2.607230366125448384e+01,5.982879223177062596e-17
2.618467082501211962e+01,6.040638174002474304e-17
2.629752227200207315e+01,6.097827162130714977e-17
2.641086008940213148e+01,6.154432369896074446e-17
2.652468637338547808e+01,6.210440427100777926e-17
2.663900322915942454e+01,6.265838414335562880e-17
2.675381277100438027e+01,6.320613865903942019e-17
2.686911712231293592e+01,6.374754772181106950e-17
2.698491841562914217e+01,6.428249581348436091e-17
2.710121879268794487e+01,6.481087200830201435e-17
2.721802040445480486e+01,6.533256998096921070e-17
2.733532541116547421e+01,6.584748801020218404e-17
2.745313598236596775e+01,6.635552897780614180e-17
2.757145429695262706e+01,6.685660036347911196e-17
2.769028254321250770e+01,6.735061423467554880e-17
2.780962291886379134e+01,6.783748723222407974e-17
2.792947763109645010e+01,6.831714055226007606e-17
2.804984889661306369e+01,6.878949992407086423e-17
2.817073894166982839e+01,6.925449558344221126e-17
2.829215000211771880e+01,6.971206224273063069e-17
2.841408432344384138e+01,7.016213905781414117e-17
2.853654416081296930e+01,7.060466959038645321e-17
2.865953177910925120e+01,7.103960176812973629e-17
2.878304945297809780e+01,7.146688784078882222e-17
2.890709946686825305e+01,7.188648433400400815e-17
2.903168411507404301e+01,7.229835199868837312e-17
2.915680570177780950e+01,7.270245576097265547e-17
2.928246654109252134e+01,7.309876466479041539e-17
2.940866895710460227e+01,7.348725181637282022e-17
2.953541528391683357e+01,7.386789432327354216e-17
2.966270786569163675e+01,7.424067323350865714e-17
2.979054905669434916e+01,7.460557347079275452e-17
2.991894122133679090e+01,7.496258376860021109e-17
3.004788673422099166e+01,7.531169660304122617e-17
3.017738798018311286e+01,7.565290812280340512e-17
3.030744735433754045e+01,7.598621807812230431e-17
3.043806726212120850e+01,7.631162974884705408e-17
3.056925011933806147e+01,7.662914987042702509e-17
3.070099835220374729e+01,7.693878855874341732e-17
3.083331439739049173e+01,7.724055923515062452e-17
3.096620070207215392e+01,7.753447854777656141e-17
3.109965972396950207e+01,7.782056629577715163e-17
3.123369393139564920e+01,7.809884534958380913e-17
3.136830580330172324e+01,7.836934157201454965e-17
3.150349782932270770e+01,7.863208373941500498e-17
3.163927250982347772e+01,7.888710346063085855e-17
3.177563235594505997e+01,7.913443509741108985e-17
3.191257988965107018e+01,7.937411568390650632e-17
3.205011764377434957e+01,7.960618484557792380e-17
3.218824816206382167e+01,7.983068471909154471e-17
3.232697399923152659e+01,8.004765987138250713e-17
3.246629772099987576e+01,8.025715721928739979e-17
3.260622190414910904e+01,8.045922594941481580e-17
3.274674913656495079e+01,8.065391743831497097e-17
3.288788201728645078e+01,8.084128517262982254e-17
3.302962315655411629e+01,8.102138467012285394e-17
3.317197517585807987e+01,8.119427340149492264e-17
3.331494070798668616e+01,8.136001071159285755e-17
3.345852239707515707e+01,8.151865774307437212e-17
3.360272289865445572e+01,8.167027735821919126e-17
3.374754487970044892e+01,8.181493406490429150e-17
3.389299101868321173e+01,8.195269393994123959e-17
3.403906400561655232e+01,8.208362455557100848e-17
3.418576654210779253e+01,8.220779490600985973e-17
3.433310134140770487e+01,8.232527533516855793e-17
3.448107112846072653e+01,8.243613746449776584e-17
3.462967863995532980e+01,8.254045412384613635e-17
3.477892662437462690e+01,8.263829928072287164e-17
3.492881784204725903e+01,8.272974797320431425e-17
3.507935506519837787e+01,8.281487624242967738e-17
3.523054107800096801e+01,8.289376106640094698e-17
3.538237867662734004e+01,8.296648029526069022e-17
3.553487066930076566e+01,8.303311258800539353e-17
3.568801987634753914e+01,8.309373735007496629e-17
3.584182913024906014e+01,8.314843467181216083e-17
3.599630127569422910e+01,8.319728526897370883e-17
3.615143916963208426e+01,8.324037042432270233e-17
3.630724568132460917e+01,8.327777192960156338e-17
3.646372369239982447e+01,8.330957203019594130e-17
3.662087609690507151e+01,8.333585337004821059e-17
3.677870580136054457e+01,8.335669893882226685e-17
3.693721572481303639e+01,8.337219201872261678e-17
3.709640879888992515e+01,8.338241613493821006e-17
3.725628796785341734e+01,8.338745500528501046e-17
3.741685618865496821e+01,8.338739249257271311e-17
3.757811643099000776e+01,8.338231255771953621e-17
3.774007167735282309e+01,8.337229921372746268e-17
3.790272492309175334e+01,8.335743648267445573e-17
3.806607917646457651e+01,8.333780835154650659e-17
3.823013745869414493e+01,8.331349873130482538e-17
3.839490280402425526e+01,8.328459141629317903e-17
3.856037825977578848e+01,8.325117004598728322e-17
3.872656688640304168e+01,8.321331806627669562e-17
3.889347175755036545e+01,8.317111869317180320e-17
3.906109596010897889e+01,8.312465487830115394e-17
3.922944259427406877e+01,8.307400927400580389e-17
3.939851477360214460e+01,8.301926420098408861e-17
3.956831562506859967e+01,8.296050161687711108e-17
3.973884828912559186e+01,8.289780308540121852e-17
3.991011591976000972e+01,8.283124974794497914e-17
4.008212168455195723e+01,8.276092229446722828e-17
4.025486876473324571e+01,8.268690093758250693e-17
4.042836035524624805e+01,8.260926538618032045e-17
4.060259966480299454e+01,8.252809482098262856e-17
4.077758991594450322e+01,8.244346787099934254e-17
4.095333434510041570e+01,8.235546259060073627e-17
4.112983620264881068e+01,8.226415643902749913e-17
4.130709875297634426e+01,8.216962625909480726e-17
4.148512527453862475e+01,8.207194825764937929e-17
4.166391905992083622e+01,8.197119798803595805e-17
4.184348341589864617e+01,8.186745033209957228e-17
4.202382166349936199e+01,8.176077948363205473e-17
4.220493713806333602e+01,8.165125893285328695e-17
4.238683318930570465e+01,8.153896145183786921e-17
4.256951318137822682e+01,8.142395908086467137e-17
4.275298049293165548e+01,8.130632311503667960e-17
4.293723851717810902e+01,8.118612409289452876e-17
4.312229066195388327e+01,8.106343178459939068e-17
4.330814034978246951e+01,8.093831518212807409e-17
4.349479101793783542e+01,8.081084248841552517e-17
4.368224611850802575e+01,8.068108111042024722e-17
4.387050911845896906e+01,8.054909764899570870e-17
4.405958349969865395e+01,8.041495789289527151e-17
4.424947275914147582e+01,8.027872681135532080e-17
4.444018040877293885e+01,8.014046854800834025e-17
4.463170997571459964e+01,8.000024641633914721e-17
4.482406500228930923e+01,7.985812289427574742e-17
4.501724904608672517e+01,7.971415961937336385e-17
4.521126568002909352e+01,7.956841738754067286e-17
4.540611849243736486e+01,7.942095614779596224e-17
4.560181108709752351e+01,7.927183500115814073e-17
4.579834708332725768e+01,7.912111219868800868e-17
4.599573011604289263e+01,7.896884513984523337e-17
4.619396383582662224e+01,7.881509037250232662e-17
4.639305190899403186e+01,7.865990359186051575e-17
4.659299801766189120e+01,7.850333964084927692e-17
4.679380585981625984e+01,7.834545251111270715e-17
4.699547914938088411e+01,7.818629534414854080e-17
4.719802161628589943e+01,7.802592043222521273e-17
4.740143700653678849e+01,7.786437922133397303e-17
4.760572908228368050e+01,7.770172231190634365e-17
4.781090162189092041e+01,7.753799946393208776e-17
4.801695842000696501e+01,7.737325959727083444e-17
4.822390328763457745e+01,7.720755079732122756e-17
4.843174005220121359e+01,7.704092031741318348e-17
4.864047255762997679e+01,7.687341458347597544e-17
4.885010466441056565e+01,7.670507919809943740e-17
4.906064024967075454e+01,7.653595894528709756e-17
4.927208320724806612e+01,7.636609779589617544e-17
4.948443744776178477e+01,7.619553891131574446e-17
4.969770689868531122e+01,7.602432465078680652e-17
4.991189550441877998e+01,7.585249657541535063e-17
5.012700722636200368e+01,7.568009545544535467e-17
5.034304604298776553e+01,7.550716127511021828e-17
5.056001594991540316e+01,7.533373323988016367e-17
5.077792095998460553e+01,7.515984978197263847e-17
5.099676510332979973e+01,7.498554856821225472e-17
5.121655242745457315e+01,7.481086650559642437e-17
5.143728699730655762e+01,7.463583974946218971e-17
5.165897289535262615e+01,7.446050370920071947e-17
5.188161422165436676e+01,7.428489305669095910e-17
5.210521509394394712e+01,7.410904173367970806e-17
5.232977964770023505e+01,7.393298295813409482e-17
5.255531203622533098e+01,7.375674923251777542e-17
5.278181643072132800e+01,7.358037235201430310e-17
5.300929702036751223e+01,7.340388341148567032e-17
5.323775801239779071e+01,7.322731281352545693e-17
5.346720363217854555e+01,7.305069027662789163e-17
5.369763812328675812e+01,7.287404484295558038e-17
5.392906574758850269e+01,7.269740488655838933e-17
5.416149078531775984e+01,7.252079812123090623e-17
5.439491753515559225e+01,7.234425160894609071e-17
5.462935031430963306e+01,7.216779176784286070e-17
5.486479345859395806e+01,7.199144438077305528e-17
5.510125132250923485e+01,7.181523460268154883e-17
5.533872827932331262e+01,7.163918696989781233e-17
5.557722872115204638e+01,7.146332540818615251e-17
5.581675705904057594e+01,7.128767324034029773e-17
5.605731772304489624e+01,7.111225319501596537e-17
5.629891516231376158e+01,7.093708741515648791e-17
5.654155384517100913e+01,7.076219746594621954e-17
5.678523825919819501e+01,7.058760434300777472e-17
5.702997291131757152e+01,7.041332848109086264e-17
5.727576232787545507e+01,7.023938976182438638e-17
5.752261105472593528e+01,7.006580752240329290e-17
5.777052365731500316e+01,6.989260056314880643e-17
5.801950472076483578e+01,6.971978715567117899e-17
5.826955884995878421e+01,6.954738505161658016e-17
5.852069066962644683e+01,6.937541149085670579e-17
5.877290482442919739e+01,6.920388320848942556e-17
5.902620597904611799e+01,6.903281644311930797e-17
5.928059881826025190e+01,6.886222694564178373e-17
5.953608804704525426e+01,6.869212998576377141e-17
5.979267839065241219e+01,6.852254036141301308e-17
6.005037459469804162e+01,6.835347240533020280e-17
6.030918142525123926e+01,6.818493999246341131e-17
6.056910366892209652e+01,6.801695654929255750e-17
6.083014613295005546e+01,6.784953505971683757e-17
6.109231364529305353e+01,6.768268807372609366e-17
6.135561105471664689e+01,6.751642771352977004e-17
6.162004323088375912e+01,6.735076568304707005e-17
6.188561506444472116e+01,6.718571327277241595e-17
6.215233146712771628e+01,6.702128136892603821e-17
6.242019737182966566e+01,6.685748045987726310e-17
6.268921773270739806e+01,6.669432064316326704e-17
6.295939752526932409e+01,6.653181163242294206e-17
6.323074174646745149e+01,6.636996276539977873e-17
6.350325541478978408e+01,6.620878300906670109e-17
6.377694357035314709e+01,6.604828096769602739e-17
6.405181127499642457e+01,6.588846489010208834e-17
6.432786361237414496e+01,6.572934267392491439e-17
6.460510568805050013e+01,6.557092187485471913e-17
6.488354262959383334e+01,6.541320971163449765e-17
6.516317958667139010e+01,6.525621307289021847e-17
6.544402173114461618e+01,6.509993852315023901e-17
6.572607425716479668e+01,6.494439231002317562e-17
6.600934238126910714e+01,6.478958036843562737e-17
6.629383134247711951e+01,6.463550832928206054e-17
6.657954640238766331e+01,6.448218152324724646e-17
6.686649284527618420e+01,6.432960498808182703e-17
6.715467597819242940e+01,6.417778347319675154e-17
6.744410113105864468e+01,6.402672144732698648e-17
6.773477365676808404e+01,6.387642310219149726e-17
6.802669893128410195e+01,6.372689235903042763e-17
6.831988235373950147e+01,6.357813287418524289e-17
6.861432934653645077e+01,6.343014804451964644e-17
6.891004535544671228e+01,6.328294101275232879e-17
6.920703584971242606e+01,6.313651467189741631e-17
6.950530632214723425e+01,6.299087167196567201e-17
6.980486228923778924e+01,6.284601442417091152e-17
7.010570929124592965e+01,6.270194510583246537e-17
7.040785289231104116e+01,6.255866566623917657e-17
7.071129868055304257e+01,6.241617782966988742e-17
7.101605226817562766e+01,6.227448310322981111e-17
7.132211929157018915e+01,6.213358277816863207e-17
7.162950541141994165e+01,6.199347793724770257e-17
7.193821631280472673e+01,6.185416945747984297e-17
7.224825770530607372e+01,6.171565801579243853e-17
7.255963532311284325e+01,6.157794409328201284e-17
7.287235492512731128e+01,6.144102797873331161e-17
7.318642229507149466e+01,6.130490977390012250e-17
7.350184324159441474e+01,6.116958939745637124e-17
7.381862359837931820e+01,6.103506658843116710e-17
7.413676922425162275e+01,6.090134091184262567e-17
7.445628600328728908e+01,6.076841176085022650e-17
7.477717984492161918e+01,6.063627836178025148e-17
7.509945668405859465e+01,6.050493977773256788e-17
7.542312248118061291e+01,6.037439491287752900e-17
7.574818322245872082e+01,6.024464251497094905e-17
7.607464491986333144e+01,6.011568118010538773e-17
7.640251361127543817e+01,5.998750935627156136e-17
7.673179536059824102e+01,5.986012534630980437e-17
7.706249625786935553e+01,5.973352731121044144e-17
7.739462241937340536e+01,5.960771327466089268e-17
7.772817998775514070e+01,5.948268112543627965e-17
7.806317513213308246e+01,5.935842862091981575e-17
7.839961404821355018e+01,5.923495339000594992e-17
7.873750295840537206e+01,5.911225293734003795e-17
7.907684811193480812e+01,5.899032464537005880e-17
7.941765578496128342e+01,5.886916577726045718e-17
7.975993228069334862e+01,5.874877348085499868e-17
8.010368392950532268e+01,5.862914479122725566e-17
8.044891708905436190e+01,5.851027663311386105e-17
8.079563814439801206e+01,5.839216582387399400e-17
8.114385350811235753e+01,5.827480907705808797e-17
8.149356962041053976e+01,5.815820300400894725e-17
8.184479294926197213e+01,5.804234411699244002e-17
8.219752999051186748e+01,5.792722883251670461e-17
8.255178726800143352e+01,5.781285347263823194e-17
8.290757133368850873e+01,5.769921426811008618e-17
8.326488876776876680e+01,5.758630736129971631e-17
8.362374617879741834e+01,5.747412880778818675e-17
8.398415020381128215e+01,5.736267457912336352e-17
8.434610750845183702e+01,5.725194056507995144e-17
8.470962478708825927e+01,5.714192257639282324e-17
8.507470876294131301e+01,5.703261634597031221e-17
8.544136618820768092e+01,5.692401753259971383e-17
8.580960384418490605e+01,5.681612172137311036e-17
8.617942854139670317e+01,5.670892442696384299e-17
8.655084711971902323e+01,5.660242109556188348e-17
8.692386644850647315e+01,5.649660710631659913e-17
8.729849342671943191e+01,5.639147777465740108e-17
8.767473498305163560e+01,5.628702835195109526e-17
8.805259807605820299e+01,5.618325403013668667e-17
8.843208969428454225e+01,5.608014994124447004e-17
8.881321685639545649e+01,5.597771116088601217e-17
8.919598661130498840e+01,5.587593270905968979e-17
8.958040603830679061e+01,5.577480955252195615e-17
8.996648224720507869e+01,5.567433660630522034e-17
9.035422237844609583e+01,5.557450873507945822e-17
9.074363360325017425e+01,5.547532075523302404e-17
9.113472312374437934e+01,5.537676743669493151e-17
9.152749817309573643e+01,5.527884350395880759e-17
9.192196601564495495e+01,5.518154363807003307e-17
9.231813394704082043e+01,5.508486247790616860e-17
9.271600929437511240e+01,5.498879462223207296e-17
9.311559941631811910e+01,5.489333462973066245e-17
9.351691170325473479e+01,5.479847702257200728e-17
9.391995357742116823e+01,5.470421628646378788e-17
9.432473249304216267e+01,5.461054687203044559e-17
9.473125593646891218e+01,5.451746319658325099e-17
9.513953142631750381e+01,5.442495964565508205e-17
9.554956651360795661e+01,5.433303057375017484e-17
9.596136878190392849e+01,5.424167030569839428e-17
9.637494584745290638e+01,5.415087313880467058e-17
9.679030535932709256e+01,5.406063334285009012e-17
9.720745499956490221e+01,5.397094516195443912e-17
9.762640248331301507e+01,5.388180281597933459e-17
9.804715555896906665e+01,5.379320050089773780e-17
9.846972200832497890e+01,5.370513239119274474e-17
9.889410964671083093e+01,5.361759263947238782e-17
9.932032632313945442e+01,5.353057537922894187e-17
9.974837992045158330e+01,5.344407472414396848e-17
1.001782783554617566e+02,5.335808477081548215e-17
1.006100295791042925e+02,5.327259959879519930e-17
1.010436415765810096e+02,5.318761327170923842e-17
1.014791223675084524e+02,5.310311983878236577e-17
1.019164800060663651e+02,5.301911333533430599e-17
1.023557225811466225e+02,5.293558778392509412e-17
1.027968582165028124e+02,5.285253719546544672e-17
1.032398950709005447e+02,5.276995556991262340e-17
1.036848413382682708e+02,5.268783689693033979e-17
1.041317052478489131e+02,5.260617515772163659e-17
1.045804950643520073e+02,5.252496432519040495e-17
1.050312190881065391e+02,5.244419836495488174e-17
1.054838856552145501e+02,5.236387123599926708e-17
1.059385031377052115e+02,5.228397689231760574e-17
1.063950799436897086e+02,5.220450928264550049e-17
1.068536245175167636e+02,5.212546235211278796e-17
1.073141453399287855e+02,5.204683004289616703e-17
1.077766509282187428e+02,5.196860629456460279e-17
1.082411498363876490e+02,5.189078504552853178e-17
1.087076506553028281e+02,5.181336023323308981e-17
1.091761620128567500e+02,5.173632579526831044e-17
1.096466925741266465e+02,5.165967566988124972e-17
1.101192510415347101e+02,5.158340379693575881e-17
1.105938461550091318e+02,5.150750411855731607e-17
1.110704866921456642e+02,5.143197058004311994e-17
1.115491814683699801e+02,5.135679712941233954e-17
1.120299393371007710e+02,5.128197772060055767e-17
1.125127691899134277e+02,5.120750631110050966e-17
1.129976799567044878e+02,5.113337686481025336e-17
1.134846806058568376e+02,5.105958335196241203e-17
1.139737801444055521e+02,5.098611974986150040e-17
1.144649876182044892e+02,5.091298004295227213e-17
1.149583121120935658e+02,5.084015822471409526e-17
1.154537627500668435e+02,5.076764829693207558e-17
1.159513486954411832e+02,5.069544427154932053e-17
1.164510791510258088e+02,5.062354016997017162e-17
1.169529633592924824e+02,5.055193002522847494e-17
1.174570106025464185e+02,5.048060788079632103e-17
1.179632302030979645e+02,5.040956779241602029e-17
1.184716315234350645e+02,5.033880382906839279e-17
1.189822239663963472e+02,5.026831007190518669e-17
1.194950169753450950e+02,5.019808061581851097e-17
1.200100200343438388e+02,5.012810957061323053e-17
1.205272426683298193e+02,5.005839106041734824e-17
1.210466944432911305e+02,4.998891922444516613e-17
1.215683849664436025e+02,4.991968821865431245e-17
1.220923238864085505e+02,4.985069221434571692e-17
1.226185208933911923e+02,4.978192540095662822e-17
1.231469857193598614e+02,4.971338198372903697e-17
1.236777281382260014e+02,4.964505618779495221e-17
1.242107579660249712e+02,4.957694225562560112e-17
1.247460850610975172e+02,4.950903444898357014e-17
1.252837193242721696e+02,4.944132704886751071e-17
1.258236706990483498e+02,4.937381435695650666e-17
1.263659491717803718e+02,4.930649069487476953e-17
1.269105647718616297e+02,4.923935040544073819e-17
1.274575275719108731e+02,4.917238785319382839e-17
1.280068476879580146e+02,4.910559742380998544e-17
1.285585352796312861e+02,4.903897352694477587e-17
1.291126005503452063e+02,4.897251059334027706e-17
1.296690537474892437e+02,4.890620307780744600e-17
1.302279051626173612e+02,4.884004545959436326e-17
1.307891651316383559e+02,4.877403224166098633e-17
1.313528440350070525e+02,4.870815795216434665e-17
1.319189522979162348e+02,4.864241714368845499e-17
1.324875003904894584e+02,4.857680439505254938e-17
1.330584988279747449e+02,4.851131431101019394e-17
1.336319581709390434e+02,4.844594152268233890e-17
1.342078890254634871e+02,4.838068068847169048e-17
1.347863020433397025e+02,4.831552649416785745e-17
1.353672079222666298e+02,4.825047365268008134e-17
1.359506174060484511e+02,4.818551690594496095e-17
1.365365412847933726e+02,4.812065102399901695e-17
1.371249903951130591e+02,4.805587080674985101e-17
1.377159756203231211e+02,4.799117108248642508e-17
1.383095078906444826e+02,4.792654671020992973e-17
1.389055981834052886e+02,4.786199257872937973e-17
1.395042575232442630e+02,4.779750360787966459e-17
1.401054969823142926e+02,4.773307474879290440e-17
1.407093276804874051e+02,4.766870098317653118e-17
1.413157607855605420e+02,4.760437732560912059e-17
1.419248075134614737e+02,4.754009882227244598e-17
1.425364791284571027e+02,4.747586055265844395e-17
1.431507869433613109e+02,4.741165762852190906e-17
1.437677423197442579e+02,4.734748519546890221e-17
1.443873566681424734e+02,4.728333843316157719e-17
1.450096414482700027e+02,4.721921255460366371e-17
1.456346081692302334e+02,4.715510280819321294e-17
1.462622683897289164e+02,4.709100447638444284e-17
1.468926337182877546e+02,4.702691287793262681e-17
1.475257158134592146e+02,4.696282336643218648e-17
1.481615263840421335e+02,4.689873133131497674e-17
1.488000771892982925e+02,4.683463219916960625e-17
1.494413800391698430e+02,4.677052143204427102e-17
1.500854467944977841e+02,4.670639453025323803e-17
1.507322893672412931e+02,4.664224703063394948e-17
1.513819197206980505e+02,4.657807450821280736e-17
1.520343498697255029e+02,4.651387257533845570e-17
1.526895918809630928e+02,4.644963688329586391e-17
1.533476578730553683e+02,4.638536312184098513e-17
1.540085600168762596e+02,4.632104701998481002e-17
1.546723105357539509e+02,4.625668434591043777e-17
1.553389217056971461e+02,4.619227090720848328e-17
1.560084058556220441e+02,4.612780255142175478e-17
1.566807753675803667e+02,4.606327516664863382e-17
1.573560426769883236e+02,4.599868468170638801e-17
1.580342202728566576e+02,4.593402706551720915e-17
1.587153206980216282e+02,4.586929832897267985e-17
1.593993565493769609e+02,4.580449452371152597e-17
1.600863404781067914e+02,4.573961174366045924e-17
1.607762851899197756e+02,4.567464612476192156e-17
1.614692034452839096e+02,4.560959384441160877e-17
1.621651080596626855e+02,4.554445112394831282e-17
1.628640119037520151e+02,4.547921422638469561e-17
1.635659279037183182e+02,4.541387945834996373e-17
1.642708690414376065e+02,4.534844316968304428e-17
1.649788483547354758e+02,4.528290175432655531e-17
1.656898789376284071e+02,4.521725164978501245e-17
1.664039739405657770e+02,4.515148933741781064e-17
1.671211465706732042e+02,4.508561134330400671e-17
1.678414100919967211e+02,4.501961423815288846e-17
1.685647778257481093e+02,4.495349463765681116e-17
1.692912631505513730e+02,4.488724920216406682e-17
1.700208795026900077e+02,4.482087463805134192e-17
1.707536403763556621e+02,4.475436769628922316e-17
1.714895593238975380e+02,4.468772517514594423e-17
1.722286499560732409e+02,4.462094391691238667e-17
1.729709259423003687e+02,4.455402081177489384e-17
1.737164010109093795e+02,4.448695279506773619e-17
1.744650889493974830e+02,4.441973684977424407e-17
1.752170036046836401e+02,4.435237000497689324e-17
1.759721588833646138e+02,4.428484933690379670e-17
1.767305687519723278e+02,4.421717196926644805e-17
1.774922472372319646e+02,4.414933507242293114e-17
1.782572084263215118e+02,4.408133586485594343e-17
1.790254664671323326e+02,4.401317161332902122e-17
1.797970355685307027e+02,4.394483963070036579e-17
1.805719300006207391e+02,4.387633727932269827e-17
1.813501640950082390e+02,4.380766196880231535e-17
1.821317522450657975e+02,4.373881115757246624e-17
1.829167089061988918e+02,4.366978235286361623e-17
1.837050485961134427e+02,4.360057310996233045e-17
1.844967858950840878e+02,4.353118103205889421e-17
1.852919354462240449e+02,4.346160377304807127e-17
1.860905119557557441e+02,4.339183903428716279e-17
1.868925301932832213e+02,4.332188456702229702e-17
1.876980049920642841e+02,4.325173817118439329e-17
1.885069512492862032e+02,4.318139769590836200e-17
1.893193839263403504e+02,4.311086104008781549e-17
1.901353180490991406e+02,4.304012615233339407e-17
1.909547687081938818e+02,4.296919102915131080e-17
1.917777510592940189e+02,4.289805371916634580e-17
1.926042803233872291e+02,4.282671231915513930e-17
1.934343717870610817e+02,4.275516497506950449e-17
1.942680408027857482e+02,4.268340988465590792e-17
1.951053027891978786e+02,4.261144529312748893e-17
1.959461732313858136e+02,4.253926949805371536e-17
1.967906676811759894e+02,4.246688084483083668e-17
1.976388017574205378e+02,4.239427773004131594e-17
1.984905911462861923e+02,4.232145859973296054e-17
1.993460516015443318e+02,4.224842195064178603e-17
2.002051989448624170e+02,4.217516632902433557e-17
2.010680490660965916e+02,4.210169033081795432e-17
2.019346179235855629e+02,4.202799260313381958e-17
2.028049215444457332e+02,4.195407184181231636e-17
2.036789760248676373e+02,4.187992679369980700e-17
2.045567975304138031e+02,4.180555625530076992e-17
2.054384022963170366e+02,4.173095907302785000e-17
2.063238066277817495e+02,4.165613414322082209e-17
2.072130269002848024e+02,4.158108041296064613e-17
2.081060795598785944e+02,4.150579687753608965e-17
2.090029811234951467e+02,4.143028258368092948e-17
2.099037481792516644e+02,4.135453662701443702e-17
2.108083973867572922e+02,4.127855815353459951e-17
2.117169454774212340e+02,4.120234635747170348e-17
2.126294092547621801e+02,4.112590048482222204e-17
2.135458055947191269e+02,4.104921982904861699e-17
2.144661514459634759e+02,4.097230373335827170e-17
2.153904638302124965e+02,4.089515159165719316e-17
2.163187598425441820e+02,4.081776284487200957e-17
2.172510566517133270e+02,4.074013698497258169e-17
2.181873715004691121e+02,4.066227355170989044e-17
2.191277217058741087e+02,4.058417213387786301e-17
2.200721246596243645e+02,4.050583236947701840e-17
2.210205978283711659e+02,4.042725394392115237e-17
2.219731587540441637e+02,4.034843659233699025e-17
2.229298250541756090e+02,4.026938009734170075e-17
2.238906144222263492e+02,4.019008428967498925e-17
2.248555446279130479e+02,4.011054904842213592e-17
2.258246335175367676e+02,4.003077430025996174e-17
2.267978990143130886e+02,3.995076001897062523e-17
2.277753591187035624e+02,3.987050622666777110e-17
2.287570319087486155e+02,3.979001299161102813e-17
2.297429355404020441e+02,3.970928043042052657e-17
2.307330882478665899e+02,3.962830870483195582e-17
2.317275083439313335e+02,3.954709802496550542e-17
2.327262142203103110e+02,3.946564864578820596e-17
2.337292243479827221e+02,3.938396086982202696e-17
2.347365572775345015e+02,3.930203504391982701e-17
2.357482316395014834e+02,3.921987156247892657e-17
2.367642661447138437e+02,3.913747086388713549e-17
2.377846795846423049e+02,3.905483343280770717e-17
2.388094908317455634e+02,3.897195979793567018e-17
2.398387188398193928e+02,3.888885053317800118e-17
2.408723826443471694e+02,3.880550625702579025e-17
2.419105013628519885e+02,3.872192763154787004e-17
2.429530941952501450e+02,3.863811536351991614e-17
2.440001804242062917e+02,3.855407020241052829e-17
2.450517794154900741e+02,3.846979294202042788e-17
2.461079106183343299e+02,3.838528441815188552e-17
2.471685935657946516e+02,3.830054551009911346e-17
2.482338478751108823e+02,3.821557713939801350e-17
2.493036932480697487e+02,3.813038026901601687e-17
2.503781494713692553e+02,3.804495590486100255e-17
2.514572364169847845e+02,3.795930509321637767e-17
2.525409740425364760e+02,3.787342892204978543e-17
2.536293823916583960e+02,3.778732852044572924e-17
2.547224815943692136e+02,3.770100505760805190e-17
2.558202918674446096e+02,3.761445974198553878e-17
2.569228335147910229e+02,3.752769382310531685e-17
2.580301269278213567e+02,3.744070858953980605e-17
2.591421925858318787e+02,3.735350536863029130e-17
2.602590510563811677e+02,3.726608552632481166e-17
2.613807229956705100e+02,3.717845046724465874e-17
2.625072291489258305e+02,3.709060163374638421e-17
2.636385903507813850e+02,3.700254050536626907e-17
2.647748275256653301e+02,3.691426859998179196e-17
2.659159616881862576e+02,3.682578747087972284e-17
2.670620139435222313e+02,3.673709870891762033e-17
2.682130054878111309e+02,3.664820393942317078e-17
2.693689576085427007e+02,3.655910482508066735e-17
2.705298916849513375e+02,3.646980306241826779e-17
2.716958291884130290e+02,3.638030038319557618e-17
2.728667916828416082e+02,3.629059855364283589e-17
2.740428008250875109e+02,3.620069937405250911e-17
2.752238783653386349e+02,3.611060467757904356e-17
2.764100461475223369e+02,3.602031633098083924e-17
2.776013261097096461e+02,3.592983623366157908e-17
2.787977402845208417e+02,3.583916631695168144e-17
2.799993107995331343e+02,3.574830854422399763e-17
2.812060598776897109e+02,3.565726490973749590e-17
2.824180098377108266e+02,3.556603743928110139e-17
2.836351830945067150e+02,3.547462818909515068e-17
2.848576021595919201e+02,3.538303924452610044e-17
2.860852896415017881e+02,3.529127272116597543e-17
2.873182682462106072e+02,3.519933076353458861e-17
2.885565607775515105e+02,3.510721554472043077e-17
2.898001901376381966e+02,3.501492926643161981e-17
2.910491793272886412e+02,3.492247415720914314e-17
2.923035514464503422e+02,3.482985247356016111e-17
2.935633296946276687e+02,3.473706649724112078e-17
2.948285373713111426e+02,3.464411853898660280e-17
2.960991978764071746e+02,3.455101093362556983e-17
2.973753347106727460e+02,3.445774604093671976e-17
2.986569714761486694e+02,3.436432624619084614e-17
2.999441318765966003e+02,3.427075395905122148e-17
3.012368397179373005e+02,3.417703161253184481e-17
3.025351189086910608e+02,3.408316166390760231e-17
3.038389934604196014e+02,3.398914659272130263e-17
3.051484874881705878e+02,3.389498890126784647e-17
3.064636252109232828e+02,3.380069111320225684e-17
3.077844309520366437e+02,3.370625577396355006e-17
3.091109291396990670e+02,3.361168545056810347e-17
3.104431443073804076e+02,3.351698272891276811e-17
3.117811010942853613e+02,3.342215021721756238e-17
3.131248242458096342e+02,3.332719054045824314e-17
3.144743386139971335e+02,3.323210634399618747e-17
3.158296691579999447e+02,3.313690029250660810e-17
3.171908409445397297e+02,3.304157506660573542e-17
3.185578791483715122e+02,3.294613336551905323e-17
3.199308090527491117e+02,3.285057790582478505e-17
3.213096560498930216e+02,3.275491142021007621e-17
3.226944456414595948e+02,3.265913665644426053e-17
3.240852034390131280e+02,3.256325637906956182e-17
3.254819551644994249e+02,3.246727336688993393e-17
3.268847266507212908e+02,3.237119041322054414e-17
3.282935438418165859e+02,3.227501032590889370e-17
3.297084327937379840e+02,3.217873592518313809e-17
3.311294196747347769e+02,3.208237004555067181e-17
3.325565307658370671e+02,3.198591553298442179e-17
3.339897924613415512e+02,3.188937524597247615e-17
3.354292312692998053e+02,3.179275205418590144e-17
3.368748738120087864e+02,3.169604883877595840e-17
3.383267468265027560e+02,3.159926849043945749e-17
3.397848771650481012e+02,3.150241391104994457e-17
3.412492917956399197e+02,3.140548801134328775e-17
3.427200178025007062e+02,3.130849371088380566e-17
3.441970823865813145e+02,3.121143393862309534e-17
3.456805128660640776e+02,3.111431162992724683e-17
3.471703366768679189e+02,3.101712972970643930e-17
3.486665813731559638e+02,3.091989118854394514e-17
3.501692746278450841e+02,3.082259896438018153e-17
3.516784442331176024e+02,3.072525602100882118e-17
3.531941181009353841e+02,3.062786532701353714e-17
3.547163242635562028e+02,3.053042985758039850e-17
3.562450908740519253e+02,3.043295259184274324e-17
3.577804462068293105e+02,3.033543651297065235e-17
3.593224186581531399e+02,3.023788460826574255e-17
3.608710367466710522e+02,3.014029986791682451e-17
3.624263291139413354e+02,3.004268528522015524e-17
3.639883245249623656e+02,2.994504385553843139e-17
3.655570518687047752e+02,2.984737857629651831e-17
3.671325401586456678e+02,2.974969244620219720e-17
3.687148185333053902e+02,2.965198846488694374e-17
3.703039162567861808e+02,2.955426963252826098e-17
3.718998627193136599e+02,2.945653894977784976e-17
3.735026874377801960e+02,2.935879941572841229e-17
3.751124200562909436e+02,2.926105402984928869e-17
3.767290903467120984e+02,2.916330579016022553e-17
3.783527282092214818e+02,2.906555769219810982e-17
3.799833636728615716e+02,2.896781272942225242e-17
3.816210268960948611e+02,2.887007389406807118e-17
3.832657481673616076e+02,2.877234417368536585e-17
3.849175579056401375e+02,2.867462655282341746e-17
3.865764866610093691e+02,2.857692401309708003e-17
3.882425651152141199e+02,2.847923953053371200e-17
3.899158240822312109e+02,2.838157607731785296e-17
3.915962945088415381e+02,2.828393662020822024e-17
3.932840074752009514e+02,2.818632412067413252e-17
3.949789941954154529e+02,2.808874153358099021e-17
3.966812860181184988e+02,2.799119180844409595e-17
3.983909144270506886e+02,2.789367788787630570e-17
4.001079110416423532e+02,2.779620270651285455e-17
4.018323076175980191e+02,2.769876919245398911e-17
4.035641360474837711e+02,2.760138026555162021e-17
4.053034283613174580e+02,2.750403883770001506e-17
4.070502167271606027e+02,2.740674781140026144e-17
4.088045334517135529e+02,2.730951008073487456e-17
4.105664109809131901e+02,2.721232853137670559e-17
4.123358819005326836e+02,2.711520603707714253e-17
4.141129789367842591e+02,2.701814546319596685e-17
4.158977349569246940e+02,2.692114966415441445e-17
4.176901829698628035e+02,2.682422148378673330e-17
4.194903561267703367e+02,2.672736375481266357e-17
4.212982877216948054e+02,2.663057929771333857e-17
4.231140111921753828e+02,2.653387092269562233e-17
4.249375601198617574e+02,2.643724142629015316e-17
4.267689682311334423e+02,2.634069359322283289e-17
4.286082693977261897e+02,2.624423019577923305e-17
4.304554976373567001e+02,2.614785399308566522e-17
4.323106871143522767e+02,2.605156773011838412e-17
4.341738721402825263e+02,2.595537413886939143e-17
4.360450871745940731e+02,2.585927593740354681e-17
4.379243668252478301e+02,2.576327582909306151e-17
4.398117458493591130e+02,2.566737650297794932e-17
4.417072591538405391e+02,2.557158063297618261e-17
4.436109417960474275e+02,2.547589087793424728e-17
4.455228289844263259e+02,2.538030988145336837e-17
4.474429560791661515e+02,2.528484027171430591e-17
4.493713585928522321e+02,2.518948466002508049e-17
4.513080721911229602e+02,2.509424564205532489e-17
4.532531326933295759e+02,2.499912579690213406e-17
4.552065760731986757e+02,2.490412768731316796e-17
4.571684384594972812e+02,2.480925385790020205e-17
4.591387561367013177e+02,2.471450683759927020e-17
4.611175655456666505e+02,2.461988913650447894e-17
4.631049032843028499e+02,2.452540324792379441e-17
4.651008061082502536e+02,2.443105164727564785e-17
4.671053109315597567e+02,2.433683679052793389e-17
4.691184548273755013e+02,2.424276111741928403e-17
4.711402750286204650e+02,2.414882704699451144e-17
4.731708089286852328e+02,2.405503698073271249e-17
4.752100940821193831e+02,2.396139330107603814e-17
4.772581682053263421e+02,2.386789837103629573e-17
4.793150691772605114e+02,2.377455453399113633e-17
4.813808350401284315e+02,2.368136411432446804e-17
4.834555040000917074e+02,2.358832941622776641e-17
4.855391144279742548e+02,2.349545272440151047e-17
4.876317048599714781e+02,2.340273630334965144e-17
4.897333139983632009e+02,2.331018239676066195e-17
4.918439807122294951e+02,2.321779322852912327e-17
4.939637440381695797e+02,2.312557100238206405e-17
4.960926431810235044e+02,2.303351790000831540e-17
4.982307175145977567e+02,2.294163608324658297e-17
5.003780065823929135e+02,2.284992769256282830e-17
5.025345500983355009e+02,2.275839484777502867e-17
5.047003879475121266e+02,2.266703964637738687e-17
5.068755601869072507e+02,2.257586416555234872e-17
5.090601070461442532e+02,2.248487046020859196e-17
5.112540689282291737e+02,2.239406056390930599e-17
5.134574864102980882e+02,2.230343648892573583e-17
5.156704002443675563e+02,2.221300022455273912e-17
5.178928513580884783e+02,2.212275373889291830e-17
5.201248808555028518e+02,2.203269897779696784e-17
5.223665300178040525e+02,2.194283786535742407e-17
5.246178403041002412e+02,2.185317230271710626e-17
5.268788533521812951e+02,2.176370416855201651e-17
5.291496109792889229e+02,2.167443532033374529e-17
5.314301551828899619e+02,2.158536759174132355e-17
5.337205281414530873e+02,2.149650279454195960e-17
5.360207722152289307e+02,2.140784271781213135e-17
5.383309299470334963e+02,2.131938912787623702e-17
5.406510440630352150e+02,2.123114376775129557e-17
5.429811574735448403e+02,2.114310835887513146e-17
5.453213132738093236e+02,2.105528459893493325e-17
5.476715547448086454e+02,2.096767416248446335e-17
5.500319253540565114e+02,2.088027870202647378e-17
5.524024687564041187e+02,2.079309984657509652e-17
5.547832287948474459e+02,2.070613920188036997e-17
5.571742495013384087e+02,2.061939835102928317e-17
5.595755750975993124e+02,2.053287885432325894e-17
5.619872499959407151e+02,2.044658224826015657e-17
5.644093188000809960e+02,2.036051004652108755e-17
5.668418263059749052e+02,2.027466373994497787e-17
5.692848175026391573e+02,2.018904479615391764e-17
5.717383375729856425e+02,2.010365465950813440e-17
5.742024318946567973e+02,2.001849475116952104e-17
5.766771460408649546e+02,1.993356646956058034e-17
5.791625257812351038e+02,1.984887118943344886e-17
5.816586170826516309e+02,1.976441026297860401e-17
5.841654661101081274e+02,1.968018501901101844e-17
5.866831192275616331e+02,1.959619676352878446e-17
5.892116229987897214e+02,1.951244677917352705e-17
5.917510241882519040e+02,1.942893632551269280e-17
5.943013697619545610e+02,1.934566663991486193e-17
5.968627068883193942e+02,1.926263893561354163e-17
5.994350829390562012e+02,1.917985440366246562e-17
6.020185454900383775e+02,1.909731421248513614e-17
6.046131423221833074e+02,1.901501950700230673e-17
6.072189214223362796e+02,1.893297140956635415e-17
6.098359309841571303e+02,1.885117101996523499e-17
6.124642194090124576e+02,1.876961941555124870e-17
6.151038353068710194e+02,1.868831764984960715e-17
6.177548274972002673e+02,1.860726675546698021e-17
6.204172450098731133e+02,1.852646774128136670e-17
6.230911370860723082e+02,1.844592159436682568e-17
6.257765531792014144e+02,1.836562927943942801e-17
6.284735429558000988e+02,1.828559173823478649e-17
6.311821562964618124e+02,1.820580989070819993e-17
6.339024432967571556e+02,1.812628463498419685e-17
6.366344542681599705e+02,1.804701684671382030e-17
6.393782397389779817e+02,1.796800737949006174e-17
6.421338504552871882e+02,1.788925706534572470e-17
6.449013373818704622e+02,1.781076671419605452e-17
6.476807517031603538e+02,1.773253711446090612e-17
6.504721448241851931e+02,1.765456903242193028e-17
6.532755683715206487e+02,1.757686321382551736e-17
6.560910741942437880e+02,1.749942038164051569e-17
6.589187143648922529e+02,1.742224123879483010e-17
6.617585411804276418e+02,1.734532646591497180e-17
6.646106071632024168e+02,1.726867672313393653e-17
6.674749650619312433e+02,1.719229264965062883e-17
6.703516678526668784e+02,1.711617486286098413e-17
6.732407687397796963e+02,1.704032396059440174e-17
6.761423211569419891e+02,1.696474051871135525e-17
6.790563787681156782e+02,1.688942509352848963e-17
6.819829954685455959e+02,1.681437822022356295e-17
6.849222253857553824e+02,1.673960041398609556e-17
6.878741228805494075e+02,1.666509216968922239e-17
6.908387425480177626e+02,1.659085396186369145e-17
6.938161392185456862e+02,1.651688624563328942e-17
6.968063679588284458e+02,1.644318945546171158e-17
6.998094840728890631e+02,1.636976400677765214e-17
7.028255431031014950e+02,1.629661029499364933e-17
7.058546008312177946e+02,1.622372869631733018e-17
7.088967132793997052e+02,1.615111956721655051e-17
7.119519367112552573e+02,1.607878324567131414e-17
7.150203276328786615e+02,1.600672004984940479e-17
7.181019427938957733e+02,1.593493027909766384e-17
7.211968391885136498e+02,1.586341421488283014e-17
7.243050740565747674e+02,1.579217211833120001e-17
7.274267048846151056e+02,1.572120423370151030e-17
7.305617894069283693e+02,1.565051078612572086e-17
7.337103856066325989e+02,1.558009198206133698e-17
7.368725517167434873e+02,1.550994801074339407e-17
7.400483462212511085e+02,1.544007904310438391e-17
7.432378278562011928e+02,1.537048523215546853e-17
7.464410556107819730e+02,1.530116671321275084e-17
7.496580887284150094e+02,1.523212360445815470e-17
7.528889867078507905e+02,1.516335600656933823e-17
7.561338093042692208e+02,1.509486400278813675e-17
7.593926165303849984e+02,1.502664765962401098e-17
7.626654686575569713e+02,1.495870702619801370e-17
7.659524262169035183e+02,1.489104213546118538e-17
7.692535500004216829e+02,1.482365300345342559e-17
7.725689010621116495e+02,1.475653962999613743e-17
7.758985407191056538e+02,1.468970199808319309e-17
7.792425305528026911e+02,1.462314007546086200e-17
7.826009324100066351e+02,1.455685381276368317e-17
7.859738084040708372e+02,1.449084314602486712e-17
7.893612209160461362e+02,1.442510799448060943e-17
7.927632325958354613e+02,1.435964826242323901e-17
7.961799063633519609e+02,1.429446383925853991e-17
7.996113054096825863e+02,1.422955459801440980e-17
8.030574931982573617e+02,1.416492039798960840e-17
8.065185334660226317e+02,1.410056108256605200e-17
8.099944902246211313e+02,1.403647648062251077e-17
8.134854277615719411e+02,1.397266640711864937e-17
8.169914106414652224e+02,1.390913066177614081e-17
8.205125037071524048e+02,1.384586903056245069e-17
8.240487720809464918e+02,1.378288128509222581e-17
8.276002811658266864e+02,1.372016718345921267e-17
8.311670966466476784e+02,1.365772646947997567e-17
8.347492844913546151e+02,1.359555887379236734e-17
8.383469109522033023e+02,1.353366411304663015e-17
8.419600425669852939e+02,1.347204189130050772e-17
8.455887461602588928e+02,1.341069189913323393e-17
8.492330888445843584e+02,1.334961381373310102e-17
8.528931380217659353e+02,1.328880730023618898e-17
8.565689613840980883e+02,1.322827201080839640e-17
8.602606269156174221e+02,1.316800758508418429e-17
8.639682028933599440e+02,1.310801364987760030e-17
8.676917578886241245e+02,1.304828982078756910e-17
8.714313607682391876e+02,1.298883570107878524e-17
8.751870806958381763e+02,1.292965088130376876e-17
8.789589871331378390e+02,1.287073494185978212e-17
8.827471498412230630e+02,1.281208745014157233e-17
8.865516388818376754e+02,1.275370796280067788e-17
8.903725246186772893e+02,1.269559602549347237e-17
8.942098777186954521e+02,1.263775117193126201e-17
8.980637691534071791e+02,1.258017292624651700e-17
9.019342702002029455e+02,1.252286080037661746e-17
9.058214524436663169e+02,1.246581429663126439e-17
9.097253877768980601e+02,1.240903290635930169e-17
9.136461484028460518e+02,1.235251611107760840e-17
9.175838068356406438e+02,1.229626338152481239e-17
9.215384359019352587e+02,1.224027417888434668e-17
9.255101087422541468e+02,1.218454795422261104e-17
9.294988988123443505e+02,1.212908414962107675e-17
9.335048798845349438e+02,1.207388219636126248e-17
9.375281260491008197e+02,1.201894151722327776e-17
9.415687117156335262e+02,1.196426152579811807e-17
9.456267116144167630e+02,1.190984162600853197e-17
9.497022007978096099e+02,1.185568121344817418e-17
9.537952546416332780e+02,1.180177967439857387e-17
9.579059488465663890e+02,1.174813638671362655e-17
9.620343594395442324e+02,1.169475071997454353e-17
9.661805627751651855e+02,1.164162203450399155e-17
9.703446355371031586e+02,1.158874968365104992e-17
9.745266547395251564e+02,1.153613301198292568e-17
9.787266977285162284e+02,1.148377135643203122e-17
9.829448421835098770e+02,1.143166404533029845e-17
9.871811661187247182e+02,1.137981040037050112e-17
9.914357478846069398e+02,1.132820973528469709e-17
9.957086661692801499e+02,1.127686135660208490e-17
1.000000000000000000e+03,1.122576456349066145e-17
