# eps,sigma_cm2
# He electron impact ionization cross section (a_11s coefficients)
# eps = E_beam/IE_He (dimensionless)  sigma_cm2: cross section [cm^2]
1.000999999999999890e+00,2.328644303915405065e-20
1.004718829490257370e+00,1.120684189988542327e-19
1.008451474857415819e+00,2.044533497722602092e-19
1.012197987429037660e+00,3.002391160577542667e-19
1.015958418723373891e+00,3.992315637637841660e-19
1.019732820450071076e+00,5.012442536361671416e-19
1.023521244510883443e+00,6.060982176091438583e-19
1.027323743000386091e+00,7.136217217178647275e-19
1.031140368206691527e+00,8.236500354135350373e-19
1.034971172612168200e+00,9.360252071260928006e-19
1.038816208894162818e+00,1.050595845922800532e-18
1.042675529925724431e+00,1.167216909114418771e-18
1.046549188776331407e+00,1.285749495664195448e-18
1.050437238712621735e+00,1.406060645257949140e-18
1.054339733199124440e+00,1.528023142896853223e-18
1.058256725898995887e+00,1.651515328877705700e-18
1.062188270674756740e+00,1.776420914028301695e-18
1.066134421589033376e+00,1.902628800068915002e-18
1.070095232905301064e+00,2.030032904973400563e-18
1.074070759088630034e+00,2.158531993206608653e-18
1.078061054806434438e+00,2.288029510717550850e-18
1.082066174929223967e+00,2.418433424570322013e-18
1.086086174531358806e+00,2.549656067097809509e-18
1.090121108891806800e+00,2.681613984465516619e-18
1.094171033494902856e+00,2.814227789535602324e-18
1.098236004031112989e+00,2.947422018923754161e-18
1.102316076397799938e+00,3.081124994143883217e-18
1.106411306699990771e+00,3.215268686738031162e-18
1.110521751251150047e+00,3.349788587291498138e-18
1.114647466573952528e+00,3.484623578235053030e-18
1.118788509401061448e+00,3.619715810338830973e-18
1.122944936675908778e+00,3.755010582804364110e-18
1.127116805553476819e+00,3.890456226863521239e-18
1.131304173401086466e+00,4.026003992795336016e-18
1.135507097799183907e+00,4.161607940273433629e-18
1.139725636542133325e+00,4.297224831959207182e-18
1.143959847639011818e+00,4.432814030257661471e-18
1.148209789314406981e+00,4.568337397154618339e-18
1.152475520009217158e+00,4.703759197056295047e-18
1.156757098381455018e+00,4.839046002553657633e-18
1.161054583307055132e+00,4.974166603036193789e-18
1.165368033880682441e+00,5.109091916081010114e-18
1.169697509416545600e+00,5.243794901545520533e-18
1.174043069449212107e+00,5.378250478293107457e-18
1.178404773734427202e+00,5.512435443483129374e-18
1.182782682249935435e+00,5.646328394358176270e-18
1.187176855196306224e+00,5.779909652463115896e-18
1.191587352997760085e+00,5.913161190231817447e-18
1.196014236303000855e+00,6.046066559879268860e-18
1.200457565986049246e+00,6.178610824538085034e-18
1.204917403147079957e+00,6.310780491579815646e-18
1.209393809113261664e+00,6.442563448063051227e-18
1.213886845439600792e+00,6.573948898251583461e-18
1.218396573909787062e+00,6.704927303147245367e-18
1.222923056537044362e+00,6.835490321983462934e-18
1.227466355564982292e+00,6.965630755626705391e-18
1.232026533468452811e+00,7.095342491834410983e-18
1.236603652954409327e+00,7.224620452319206241e-18
1.241197776962768007e+00,7.353460541570270545e-18
1.245808968667274641e+00,7.481859597384144552e-18
1.250437291476372836e+00,7.609815343058255570e-18
1.255082809034075320e+00,7.737326341201604714e-18
1.259745585220839903e+00,7.864391949118112981e-18
1.264425684154447227e+00,7.991012275719443824e-18
1.269123170190883609e+00,8.117188139924847016e-18
1.273838107925224117e+00,8.242921030506742666e-18
1.278570562192523186e+00,8.368213067341936721e-18
1.283320598068703688e+00,8.493066964029006436e-18
1.288088280871453994e+00,8.617485991833693112e-18
1.292873676161124141e+00,8.741473944924849715e-18
1.297676849741629335e+00,8.865035106864552523e-18
1.302497867661353448e+00,8.988174218316790257e-18
1.307336796214057406e+00,9.110896445940031586e-18
1.312193701939791346e+00,9.233207352430031959e-18
1.317068651625809217e+00,9.355112867679678258e-18
1.321961712307487380e+00,9.476619261023899299e-18
1.326872951269246093e+00,9.597733114538246449e-18
1.331802436045474991e+00,9.718461297360569824e-18
1.336750234421461903e+00,9.838810941006047555e-18
1.341716414434324323e+00,9.958789415646424944e-18
1.346701044373945777e+00,1.007840430732530026e-17
1.351704192783914182e+00,1.019766339608171761e-17
1.356725928462465314e+00,1.031657463495527182e-17
1.361766320463427604e+00,1.043514612984642481e-17
1.366825438097172940e+00,1.055338612020654030e-17
1.371903350931568566e+00,1.067130296053273546e-17
1.377000128792934763e+00,1.078890510264324865e-17
1.382115841767004305e+00,1.090620107870969467e-17
1.387250560199886573e+00,1.102319948502319325e-17
1.392404354699035229e+00,1.113990896647190370e-17
1.397577296134217884e+00,1.125633820170810722e-17
1.402769455638491980e+00,1.137249588898351909e-17
1.407980904609182238e+00,1.148839073263213088e-17
1.413211714708862754e+00,1.160403143018032645e-17
1.418461957866341994e+00,1.171942666006457500e-17
1.423731706277652664e+00,1.183458506993764819e-17
1.429021032407043368e+00,1.194951526554448268e-17
1.434330008987976024e+00,1.206422580014976769e-17
1.439658709024125738e+00,1.217872516449936948e-17
1.445007205790384663e+00,1.229302177729841045e-17
1.450375572833869198e+00,1.240712397618927961e-17
1.455763883974931838e+00,1.252104000921319161e-17
1.461172213308176593e+00,1.263477802673947261e-17
1.466600635203476610e+00,1.274834607384693418e-17
1.472049224306998250e+00,1.286175208314254432e-17
1.477518055542226705e+00,1.297500386800253350e-17
1.483007204110996291e+00,1.308810911622171154e-17
1.488516745494525395e+00,1.320107538405726573e-17
1.494046755454452535e+00,1.331391009065335244e-17
1.499597310033880859e+00,1.342662051283353961e-17
1.505168485558421310e+00,1.353921378024816130e-17
1.510760358637243561e+00,1.365169687086434751e-17
1.516373006164128956e+00,1.376407660678647268e-17
1.522006505318528102e+00,1.387635965039544114e-17
1.527660933566622470e+00,1.398855250079526629e-17
1.533336368662388649e+00,1.410066149055592396e-17
1.539032888648668607e+00,1.421269278274167953e-17
1.544750571858242161e+00,1.432465236821431602e-17
1.550489496914904120e+00,1.443654606320121312e-17
1.556249742734546304e+00,1.454837950711827284e-17
1.562031388526241571e+00,1.466015816063802074e-17
1.567834513793333828e+00,1.477188730399368135e-17
1.573659198334530940e+00,1.488357203551002023e-17
1.579505522245002069e+00,1.499521727035210272e-17
1.585373565917479022e+00,1.510682773948358465e-17
1.591263410043361803e+00,1.521840798882589447e-17
1.597175135613828401e+00,1.532996237861059688e-17
1.603108823920948112e+00,1.544149508291672598e-17
1.609064556558799763e+00,1.555301008938576611e-17
1.615042415424593036e+00,1.566451119910667839e-17
1.621042482719795563e+00,1.577600202666390117e-17
1.627064840951262914e+00,1.588748600034134133e-17
1.633109572932372577e+00,1.599896636247553756e-17
1.639176761784163716e+00,1.611044616995155485e-17
1.645266490936479142e+00,1.622192829483512103e-17
1.651378844129113732e+00,1.633341542513494674e-17
1.657513905412964839e+00,1.644491006568916783e-17
1.663671759151188256e+00,1.655641453917012926e-17
1.669852490020359292e+00,1.666793098720199137e-17
1.676056183011635614e+00,1.677946137158550738e-17
1.682282923431927646e+00,1.689100747562490591e-17
1.688532796905069855e+00,1.700257090555155067e-17
1.694805889372999586e+00,1.711415309203972137e-17
1.701102287096938337e+00,1.722575529180931399e-17
1.707422076658577259e+00,1.733737858931119283e-17
1.713765344961269310e+00,1.744902389849050729e-17
1.720132179231222747e+00,1.756069196462355134e-17
1.726522667018701496e+00,1.767238336622416613e-17
1.732936896199228416e+00,1.778409851701540536e-17
1.739374954974793885e+00,1.789583766796261470e-17
1.745836931875069276e+00,1.800760090936415976e-17
1.752322915758623534e+00,1.811938817299592284e-17
1.758832995814145317e+00,1.823119923430619439e-17
1.765367261561669565e+00,1.834303371465751097e-17
1.771925802853808296e+00,1.845489108361188049e-17
1.778508709876986282e+00,1.856677066125646741e-17
1.785116073152680949e+00,1.867867162056644072e-17
1.791747983538668043e+00,1.879059298980209419e-17
1.798404532230269748e+00,1.890253365493716668e-17
1.805085810761609011e+00,1.901449236211585423e-17
1.811791911006869427e+00,1.912646772013559873e-17
1.818522925181557559e+00,1.923845820295297858e-17
1.825278945843769929e+00,1.935046215221055341e-17
1.832060065895468215e+00,1.946247777978182794e-17
1.838866378583755123e+00,1.957450317033233212e-17
1.845697977502157361e+00,1.968653628389436752e-17
1.852554956591911273e+00,1.979857495845331251e-17
1.859437410143256697e+00,1.991061691254356628e-17
1.866345432796732373e+00,2.002265974785184526e-17
1.873279119544476679e+00,2.013470095182617111e-17
1.880238565731535250e+00,2.024673790028856574e-17
1.887223867057171489e+00,2.035876786004970605e-17
1.894235119576182846e+00,2.047078799152387157e-17
1.901272419700220206e+00,2.058279535134251147e-17
1.908335864199115939e+00,2.069478689496479175e-17
1.915425550202212834e+00,2.080675947928386844e-17
1.922541575199700148e+00,2.091870986522709330e-17
1.929684037043954747e+00,2.103063472034909209e-17
1.936853033950886038e+00,2.114253062141612214e-17
1.944048664501287105e+00,2.125439405698072643e-17
1.951271027642189404e+00,2.136622142994517408e-17
1.958520222688224344e+00,2.147800906011278436e-17
1.965796349322988634e+00,2.158975318672590802e-17
1.973099507600414082e+00,2.170144997098947168e-17
1.980429797946145376e+00,2.181309549857928132e-17
1.987787321158919651e+00,2.192468578213383352e-17
1.995172178411952713e+00,2.203621676372902453e-17
2.002584471254329923e+00,2.214768431733465701e-17
2.010024301612404418e+00,2.225908425125213724e-17
2.017491771791196431e+00,2.237041231053236776e-17
2.024986984475800611e+00,2.248166417937319732e-17
2.032510042732800226e+00,2.259283548349592907e-17
2.040061050011680699e+00,2.270392179249975914e-17
2.047640110146255576e+00,2.281491862219402541e-17
2.055247327356091613e+00,2.292582143690736669e-17
2.062882806247944512e+00,2.303662565177335478e-17
2.070546651817195993e+00,2.314732663499205079e-17
2.078238969449295315e+00,2.325791971006704524e-17
2.085959864921214102e+00,2.336840015801749484e-17
2.093709444402895414e+00,2.347876321956471556e-17
2.101487814458715686e+00,2.358900409729300206e-17
2.109295082048951553e+00,2.369911795778425443e-17
2.117131354531248011e+00,2.380909993372611045e-17
2.124996739662097234e+00,2.391894512599325331e-17
2.132891345598317390e+00,2.402864860570159620e-17
2.140815280898543449e+00,2.413820541623522960e-17
2.148768654524717103e+00,2.424761057524557968e-17
2.156751575843585567e+00,2.435685907662293811e-17
2.164764154628207482e+00,2.446594589243995344e-17
2.172806501059460160e+00,2.457486597486697605e-17
2.180878725727555700e+00,2.468361425805903202e-17
2.188980939633560219e+00,2.479218566001447488e-17
2.197113254190924181e+00,2.490057508440511829e-17
2.205275781227009180e+00,2.500877742237760915e-17
2.213468632984629370e+00,2.511678755432630930e-17
2.221691922123593343e+00,2.522460035163729747e-17
2.229945761722254893e+00,2.533221067840369189e-17
2.238230265279065989e+00,2.543961339311210852e-17
2.246545546714137753e+00,2.554680335030041222e-17
2.254891720370808539e+00,2.565377540218664057e-17
2.263268901017214674e+00,2.576052440026915885e-17
2.271677203847869642e+00,2.586704519689819737e-17
2.280116744485247704e+00,2.597333264681860147e-17
2.288587638981373296e+00,2.607938160868404689e-17
2.297090003819418413e+00,2.618518694654283162e-17
2.305623955915301782e+00,2.629074353129506525e-17
2.314189612619300007e+00,2.639604624212168749e-17
2.322787091717658292e+00,2.650108996788519847e-17
2.331416511434210914e+00,2.660586960850231685e-17
2.340077990432007926e+00,2.671038007628868256e-17
2.348771647814946295e+00,2.681461629727577690e-17
2.357497603129407260e+00,2.691857321250005373e-17
2.366255976365899905e+00,2.702224577926474719e-17
2.375046887960712727e+00,2.712562897237413697e-17
2.383870458797568759e+00,2.722871778534084760e-17
2.392726810209287347e+00,2.733150723156596583e-17
2.401616063979453042e+00,2.743399234549250630e-17
2.410538342344092033e+00,2.753616818373220996e-17
2.419493767993348587e+00,2.763802982616589100e-17
2.428482464073176583e+00,2.773957237701771756e-17
2.437504554187031491e+00,2.784079096590342905e-17
2.446560162397569016e+00,2.794168074885272462e-17
2.455649413228351285e+00,2.804223690930626620e-17
2.464772431665561481e+00,2.814245465908725316e-17
2.473929343159719352e+00,2.824232923934791365e-17
2.483120273627407393e+00,2.834185592149126394e-17
2.492345349453003678e+00,2.844103000806811099e-17
2.501604697490418694e+00,2.853984683364984703e-17
2.510898445064838391e+00,2.863830176567695563e-17
2.520226719974477891e+00,2.873639020528385832e-17
2.529589650492336084e+00,2.883410758809999662e-17
2.538987365367962212e+00,2.893144938502764888e-17
2.548419993829222463e+00,2.902841110299658674e-17
2.557887665584081649e+00,2.912498828569597158e-17
2.567390510822383565e+00,2.922117651428366992e-17
2.576928660217641998e+00,2.931697140807315407e-17
2.586502244928838401e+00,2.941236862519857347e-17
2.596111396602223564e+00,2.950736386325784891e-17
2.605756247373130829e+00,2.960195285993441821e-17
2.615436929867790194e+00,2.969613139359763326e-17
2.625153577205153965e+00,2.978989528388232015e-17
2.634906322998725958e+00,2.988324039224758235e-17
2.644695301358400474e+00,2.997616262251513664e-17
2.654520646892303493e+00,3.006865792138770564e-17
2.664382494708648075e+00,3.016072227894729443e-17
2.674280980417587994e+00,3.025235172913406610e-17
2.684216240133084241e+00,3.034354235020579157e-17
2.694188410474777751e+00,3.043429026517837296e-17
2.704197628569866119e+00,3.052459164224747125e-17
2.714244032054991429e+00,3.061444269519168817e-17
2.724327759078130295e+00,3.070383968375761042e-17
2.734448948300494564e+00,3.079277891402671012e-17
2.744607738898440896e+00,3.088125673876482867e-17
2.754804270565378577e+00,3.096926955775397906e-17
2.765038683513695972e+00,3.105681381810730474e-17
2.775311118476686545e+00,3.114388601456691776e-17
2.785621716710483753e+00,3.123048268978526940e-17
2.795970619996003048e+00,3.131660043459020749e-17
2.806357970640893207e+00,3.140223588823394208e-17
2.816783911481491653e+00,3.148738573862618472e-17
2.827248585884788667e+00,3.157204672255183086e-17
2.837752137750400472e+00,3.165621562587330889e-17
2.848294711512546318e+00,3.173988928371799005e-17
2.858876452142034008e+00,3.182306458065078871e-17
2.869497505148256522e+00,3.190573845083226125e-17
2.880158016581189528e+00,3.198790787816263472e-17
2.890858133033401334e+00,3.206956989641160536e-17
2.901598001642068159e+00,3.215072158933467086e-17
2.912377770090997853e+00,3.223136009077577477e-17
2.923197586612661603e+00,3.231148258475692847e-17
2.934057599990228749e+00,3.239108630555467523e-17
2.944957959559617588e+00,3.247016853776395709e-17
2.955898815211544406e+00,3.254872661634947717e-17
2.966880317393588928e+00,3.262675792668476669e-17
2.977902617112258010e+00,3.270425990457930212e-17
2.988965865935067523e+00,3.278123003629385099e-17
3.000070215992622913e+00,3.285766585854428058e-17
3.011215819980711306e+00,3.293356495849405757e-17
3.022402831162404269e+00,3.300892497373576535e-17
3.033631403370161017e+00,3.308374359226166954e-17
3.044901691007948052e+00,3.315801855242381282e-17
3.056213849053357912e+00,3.323174764288354624e-17
3.067568033059744792e+00,3.330492870255115679e-17
3.078964399158360177e+00,3.337755962051530123e-17
3.090403104060501338e+00,3.344963833596292449e-17
3.101884305059666058e+00,3.352116283808951433e-17
3.113408160033714900e+00,3.359213116600021642e-17
3.124974827447043690e+00,3.366254140860172344e-17
3.136584466352760447e+00,3.373239170448544969e-17
3.148237236394874738e+00,3.380168024180186801e-17
3.159933297810491926e+00,3.387040525812660680e-17
3.171672811432013628e+00,3.393856504031803602e-17
3.183455938689358167e+00,3.400615792436708772e-17
3.195282841612169467e+00,3.407318229523884297e-17
3.207153682832050379e+00,3.413963658670688954e-17
3.219068625584801779e+00,3.420551928117987726e-17
3.231027833712662112e+00,3.427082890952086889e-17
3.243031471666561583e+00,3.433556405085975762e-17
3.255079704508387017e+00,3.439972333239848621e-17
3.267172697913247159e+00,3.446330542920986897e-17
3.279310618171752179e+00,3.452630906402949891e-17
3.291493632192303842e+00,3.458873300704173220e-17
3.303721907503384791e+00,3.465057607565900435e-17
3.315995612255865588e+00,3.471183713429550111e-17
3.328314915225317971e+00,3.477251509413481424e-17
3.340679985814332564e+00,3.483260891289186578e-17
3.353090994054852114e+00,3.489211759456955061e-17
3.365548110610505184e+00,3.495104018920967828e-17
3.378051506778954938e+00,3.500937579263911389e-17
3.390601354494258590e+00,3.506712354621064339e-17
3.403197826329224629e+00,3.512428263653893943e-17
3.415841095497789137e+00,3.518085229523202816e-17
3.428531335857400553e+00,3.523683179861802902e-17
3.441268721911405759e+00,3.529222046746750038e-17
3.454053428811450388e+00,3.534701766671152036e-17
3.466885632359891556e+00,3.540122280515574327e-17
3.479765509012209712e+00,3.545483533519036991e-17
3.492693235879437808e+00,3.550785475249630310e-17
3.505668990730598455e+00,3.556028059574764234e-17
3.518692951995143758e+00,3.561211244631061007e-17
3.531765298765415118e+00,3.566334992793903910e-17
3.544886210799098603e+00,3.571399270646662437e-17
3.558055868521702525e+00,3.576404048949585907e-17
3.571274453029038121e+00,3.581349302608424675e-17
3.584542146089706005e+00,3.586235010642717307e-17
3.597859130147596840e+00,3.591061156153841710e-17
3.611225588324405766e+00,3.595827726292772297e-17
3.624641704422141952e+00,3.600534712227606028e-17
3.638107662925660346e+00,3.605182109110808664e-17
3.651623649005201422e+00,3.609769916046284139e-17
3.665189848518930482e+00,3.614298136056176451e-17
3.678806448015498276e+00,3.618766776047487913e-17
3.692473634736606947e+00,3.623175846778497088e-17
3.706191596619581752e+00,3.627525362824992471e-17
3.719960522299954331e+00,3.631815342546315716e-17
3.733780601114063735e+00,3.636045808051261279e-17
3.747652023101649910e+00,3.640216785163807190e-17
3.761574979008477371e+00,3.644328303388706543e-17
3.775549660288949116e+00,3.648380395876937236e-17
3.789576259108743184e+00,3.652373099391038315e-17
3.803654968347458531e+00,3.656306454270316277e-17
3.817785981601260481e+00,3.660180504395950918e-17
3.831969493185546138e+00,3.663995297156016129e-17
3.846205698137620033e+00,3.667750883410384833e-17
3.860494792219369753e+00,3.671447317455581531e-17
3.874836971919959794e+00,3.675084656989546107e-17
3.889232434458537835e+00,3.678662963076341544e-17
3.903681377786940576e+00,3.682182300110806795e-17
3.918184000592417782e+00,3.685642735783160963e-17
3.932740502300368757e+00,3.689044341043574201e-17
3.947351083077076161e+00,3.692387190066702869e-17
3.962015943832468690e+00,3.695671360216203118e-17
3.976735286222873533e+00,3.698896932009222907e-17
3.991509312653795494e+00,3.702063989080902642e-17
4.006338226282701420e+00,3.705172618148856102e-17
4.021222231021809534e+00,3.708222908977665532e-17
4.036161531540892966e+00,3.711214954343384137e-17
4.051156333270101051e+00,3.714148849998073700e-17
4.066206842402777966e+00,3.717024694634342206e-17
4.081313265898296017e+00,3.719842589849932615e-17
4.096475811484912022e+00,3.722602640112347994e-17
4.111694687662611258e+00,3.725304952723514251e-17
4.126970103705982496e+00,3.727949637784495244e-17
4.142302269667094805e+00,3.730536808160265217e-17
4.157691396378383253e+00,3.733066579444549019e-17
4.173137695455547025e+00,3.735539069924715329e-17
4.188641379300467982e+00,3.737954400546759862e-17
4.204202661104119443e+00,3.740312694880351433e-17
4.219821754849507833e+00,3.742614079083976633e-17
4.235498875314608114e+00,3.744858681870147362e-17
4.251234238075319638e+00,3.747046634470735328e-17
4.267028059508434445e+00,3.749178070602382339e-17
4.282880556794604665e+00,3.751253126432009213e-17
4.298791947921335677e+00,3.753271940542454106e-17
4.314762451685983713e+00,3.755234653898200817e-17
4.330792287698757015e+00,3.757141409811227895e-17
4.346881676385743631e+00,3.758992353906988388e-17
4.363030838991940996e+00,3.760787634090499929e-17
4.379239997584296162e+00,3.762527400512575314e-17
4.395509375054756696e+00,3.764211805536165884e-17
4.411839195123345547e+00,3.765841003702868829e-17
4.428229682341226159e+00,3.767415151699540498e-17
4.444681062093798651e+00,3.768934408325084126e-17
4.461193560603792463e+00,3.770398934457358347e-17
4.477767404934382078e+00,3.771808893020250268e-17
4.494402822992308977e+00,3.773164448950900759e-17
4.511100043531011572e+00,3.774465769167066569e-17
4.527859296153772917e+00,3.775713022534673490e-17
4.544680811316883506e+00,3.776906379835497710e-17
4.561564820332801418e+00,3.778046013735040688e-17
4.578511555373335540e+00,3.779132098750550087e-17
4.595521249472843905e+00,3.780164811219217586e-17
4.612594136531430244e+00,3.781144329266554186e-17
4.629730451318165407e+00,3.782070832774932536e-17
4.646930429474315005e+00,3.782944503352308591e-17
4.664194307516575932e+00,3.783765524301132487e-17
4.681522322840336869e+00,3.784534080587420877e-17
4.698914713722932568e+00,3.785250358810035728e-17
4.716371719326926559e+00,3.785914547170129521e-17
4.733893579703400079e+00,3.786526835440791978e-17
4.751480535795250759e+00,3.787087414936883530e-17
4.769132829440504651e+00,3.787596478485054900e-17
4.786850703375648663e+00,3.788054220393960831e-17
4.804634401238959462e+00,3.788460836424680261e-17
4.822484167573857228e+00,3.788816523761317702e-17
4.840400247832273628e+00,3.789121480981812913e-17
4.858382888378017128e+00,3.789375908028939178e-17
4.876432336490166719e+00,3.789580006181523436e-17
4.894548840366476306e+00,3.789733978025844524e-17
4.912732649126777318e+00,3.789838027427247750e-17
4.930984012816410633e+00,3.789892359501959750e-17
4.949303182409668267e+00,3.789897180589122757e-17
4.967690409813235064e+00,3.789852698223006969e-17
4.986145947869662365e+00,3.789759121105462672e-17
5.004670050360837230e+00,3.789616659078556619e-17
5.023262972011476535e+00,3.789425523097437071e-17
5.041924968492630832e+00,3.789185925203389879e-17
5.060656296425195322e+00,3.788898078497120749e-17
5.079457213383440362e+00,3.788562197112251371e-17
5.098327977898557073e+00,3.788178496189009053e-17
5.117268849462209168e+00,3.787747191848151790e-17
5.136280088530096322e+00,3.787268501165089927e-17
5.155361956525550404e+00,3.786742642144238937e-17
5.174514715843112178e+00,3.786169833693563244e-17
5.193738629852151512e+00,3.785550295599363497e-17
5.213033962900487595e+00,3.784884248501260429e-17
5.232400980318018036e+00,3.784171913867385798e-17
5.251839948420375492e+00,3.783413513969826631e-17
5.271351134512582526e+00,3.782609271860240171e-17
5.290934806892729547e+00,3.781759411345715970e-17
5.310591234855669640e+00,3.780864156964843205e-17
5.330320688696714271e+00,3.779923733963993696e-17
5.350123439715350315e+00,3.778938368273831726e-17
5.369999760218978402e+00,3.777908286486020455e-17
5.389949923526650366e+00,3.776833715830164998e-17
5.409974203972825357e+00,3.775714884150960107e-17
5.430072876911154367e+00,3.774552019885568356e-17
5.450246218718253211e+00,3.773345352041183207e-17
5.470494506797507483e+00,3.772095110172848464e-17
5.490818019582892617e+00,3.770801524361465075e-17
5.511217036542794823e+00,3.769464825192025349e-17
5.531691838183859566e+00,3.768085243732051174e-17
5.552242706054844490e+00,3.766663011510267650e-17
5.572869922750491867e+00,3.765198360495472097e-17
5.593573771915421489e+00,3.763691523075618145e-17
5.614354538248019999e+00,3.762142732037130941e-17
5.635212507504360424e+00,3.760552220544418336e-17
5.656147966502139468e+00,3.758920222119595923e-17
5.677161203124605926e+00,3.757246970622430254e-17
5.698252506324530842e+00,3.755532700230505764e-17
5.719422166128181217e+00,3.753777645419564877e-17
5.740670473639301719e+00,3.751982040944102650e-17
5.761997721043117693e+00,3.750146121818146293e-17
5.783404201610363060e+00,3.748270123296244242e-17
5.804890209701300208e+00,3.746354280854675244e-17
5.826456040769775413e+00,3.744398830172858975e-17
5.848101991367283148e+00,3.742404007114967566e-17
5.869828359147033048e+00,3.740370047711765782e-17
5.891635442868058625e+00,3.738297188142616976e-17
5.913523542399312660e+00,3.736185664717744819e-17
5.935492958723793677e+00,3.734035713860651558e-17
5.957543993942693739e+00,3.731847572090779717e-17
5.979676951279539132e+00,3.729621476006340197e-17
6.001892135084364810e+00,3.727357662267374571e-17
6.024189850837908367e+00,3.725056367578993022e-17
6.046570405155797800e+00,3.722717828674827985e-17
6.069034105792772138e+00,3.720342282300681307e-17
6.091581261646919820e+00,3.717929965198364922e-17
6.114212182763916203e+00,3.715481114089752926e-17
6.136927180341292143e+00,3.712995965661009895e-17
6.159726566732717679e+00,3.710474756547031230e-17
6.182610655452285719e+00,3.707917723316073920e-17
6.205579761178836584e+00,3.705325102454574673e-17
6.228634199760273660e+00,3.702697130352160322e-17
6.251774288217910147e+00,3.700034043286867780e-17
6.275000344750836234e+00,3.697336077410522993e-17
6.298312688740283605e+00,3.694603468734338068e-17
6.321711640754019257e+00,3.691836453114677263e-17
6.345197522550764191e+00,3.689035266239028820e-17
6.368770657084602327e+00,3.686200143612137655e-17
6.392431368509429390e+00,3.683331320542345741e-17
6.416179982183416897e+00,3.680429032128106276e-17
6.440016824673470808e+00,3.677493513244683373e-17
6.463942223759734595e+00,3.674524998531026153e-17
6.487956508440093195e+00,3.671523722376840048e-17
6.512060008934693833e+00,3.668489918909818973e-17
6.536253056690491725e+00,3.665423821983065451e-17
6.560535984385803765e+00,3.662325665162687632e-17
6.584909125934883534e+00,3.659195681715570711e-17
6.609372816492519398e+00,3.656034104597325231e-17
6.633927392458633499e+00,3.652841166440403015e-17
6.658573191482910936e+00,3.649617099542397378e-17
6.683310552469450272e+00,3.646362135854496782e-17
6.708139815581411369e+00,3.643076506970133261e-17
6.733061322245701419e+00,3.639760444113772578e-17
6.758075415157669852e+00,3.636414178129894828e-17
6.783182438285815685e+00,3.633037939472130955e-17
6.808382736876517960e+00,3.629631958192559519e-17
6.833676657458793713e+00,3.626196463931184026e-17
6.859064547849047067e+00,3.622731685905560642e-17
6.884546757155860064e+00,3.619237852900587373e-17
6.910123635784800378e+00,3.615715193258459649e-17
6.935795535443222803e+00,3.612163934868785526e-17
6.961562809145124930e+00,3.608584305158853114e-17
6.987425811215984162e+00,3.604976531084060709e-17
7.013384897297638254e+00,3.601340839118504079e-17
7.039440424353180958e+00,3.597677455245703037e-17
7.065592750671858546e+00,3.593986604949506118e-17
7.091842235874004530e+00,3.590268513205132079e-17
7.118189240915985039e+00,3.586523404470357460e-17
7.144634128095159298e+00,3.582751502676869927e-17
7.171177261054859642e+00,3.578953031221753507e-17
7.197819004789400843e+00,3.575128212959138373e-17
7.224559725649089437e+00,3.571277270191976964e-17
7.251399791345263246e+00,3.567400424663983434e-17
7.278339570955355775e+00,3.563497897551703749e-17
7.305379434927959714e+00,3.559569909456732465e-17
7.332519755087931301e+00,3.555616680398078034e-17
7.359760904641496460e+00,3.551638429804648901e-17
7.387103258181380916e+00,3.547635376507907858e-17
7.414547191691973183e+00,3.543607738734626231e-17
7.442093082554482208e+00,3.539555734099812480e-17
7.469741309552128783e+00,3.535479579599747423e-17
7.497492252875364471e+00,3.531379491605170446e-17
7.525346294127083446e+00,3.527255685854585899e-17
7.553303816327882281e+00,3.523108377447715548e-17
7.581365203921324181e+00,3.518937780839065048e-17
7.609530842779222759e+00,3.514744109831630922e-17
7.637801120206945349e+00,3.510527577570736357e-17
7.666176424948752732e+00,3.506288396537977932e-17
7.694657147193123770e+00,3.502026778545323327e-17
7.723243678578142202e+00,3.497742934729310741e-17
7.751936412196866577e+00,3.493437075545375247e-17
7.780735742602738370e+00,3.489109410762319377e-17
7.809642065815019407e+00,3.484760149456868745e-17
7.838655779324219530e+00,3.480389500008378053e-17
7.867777282097573988e+00,3.475997670093634467e-17
7.897006974584530603e+00,3.471584866681791039e-17
7.926345258722248488e+00,3.467151296029416601e-17
7.955792537941127840e+00,3.462697163675647354e-17
7.985349217170366387e+00,3.458222674437467876e-17
8.015015702843511392e+00,3.453728032405096286e-17
8.044792402904061390e+00,3.449213440937482191e-17
8.074679726811075042e+00,3.444679102657916799e-17
8.104678085544792410e+00,3.440125219449751497e-17
8.134787891612292654e+00,3.435551992452221204e-17
8.165009559053169497e+00,3.430959622056382971e-17
8.195343503445219113e+00,3.426348307901151337e-17
8.225790141910158226e+00,3.421718248869446467e-17
8.256349893119354633e+00,3.417069643084438441e-17
8.287023177299589705e+00,3.412402687905896917e-17
8.317810416238842208e+00,3.407717579926649272e-17
8.348712033292070345e+00,3.403014514969128103e-17
8.379728453387048859e+00,3.398293688082024729e-17
8.410860103030211476e+00,3.393555293537039455e-17
8.442107410312511107e+00,3.388799524825726131e-17
8.473470804915297805e+00,3.384026574656442706e-17
8.504950718116253583e+00,3.379236634951376982e-17
8.536547582795293465e+00,3.374429896843695615e-17
8.568261833440534048e+00,3.369606550674754760e-17
8.600093906154267387e+00,3.364766785991427180e-17
8.632044238658952651e+00,3.359910791543500859e-17
8.664113270303241521e+00,3.355038755281189159e-17
8.696301442068014254e+00,3.350150864352707539e-17
8.728609196572440609e+00,3.345247305101949492e-17
8.761036978080079862e+00,3.340328263066254321e-17
8.793585232504977256e+00,3.335393922974246396e-17
8.826254407417795989e+00,3.330444468743770559e-17
8.859044952051984723e+00,3.325480083479903948e-17
8.891957317309934439e+00,3.320500949473063343e-17
8.924991955769199237e+00,3.315507248197174770e-17
8.958149321688706479e+00,3.310499160307939848e-17
8.991429871015007791e+00,3.305476865641171791e-17
9.024834061388546047e+00,3.300440543211223231e-17
9.058362352149957886e+00,3.295390371209474438e-17
9.092015204346374446e+00,3.290326527002913990e-17
9.125793080737777174e+00,3.285249187132781068e-17
9.159696445803348297e+00,3.280158527313302662e-17
9.193725765747863932e+00,3.275054722430485628e-17
9.227881508508108510e+00,3.269937946540981468e-17
9.262164143759301638e+00,3.264808372871051565e-17
9.296574142921555151e+00,3.259666173815565703e-17
9.331111979166374581e+00,3.254511520937093023e-17
9.365778127423137533e+00,3.249344584965062015e-17
9.400573064385644884e+00,3.244165535794983361e-17
9.435497268518670211e+00,3.238974542487740582e-17
9.470551220064537645e+00,3.233771773268953397e-17
9.505735401049722810e+00,3.228557395528399641e-17
9.541050295291491068e+00,3.223331575819504967e-17
9.576496388404539317e+00,3.218094479858905279e-17
9.612074167807678649e+00,3.212846272526055375e-17
9.647784122730541867e+00,3.207587117862915878e-17
9.683626744220299898e+00,3.202317179073691918e-17
9.719602525148426153e+00,3.197036618524643933e-17
9.755711960217462675e+00,3.191745597743938521e-17
9.791955545967825358e+00,3.186444277421584967e-17
9.828333780784646478e+00,3.181132817409406887e-17
9.864847164904604782e+00,3.175811376721084758e-17
9.901496200422815974e+00,3.170480113532255139e-17
9.938281391299744527e+00,3.165139185180649953e-17
9.975203243368120809e+00,3.159788748166317743e-17
1.001226226433990085e+01,3.154428958151876347e-17
1.004945896381324388e+01,3.149059969962835227e-17
1.008679385327953959e+01,3.143681937587946141e-17
1.012426744613041585e+01,3.138295014179648108e-17
1.016188025766480685e+01,3.132899352054518542e-17
1.019963280509604608e+01,3.127495102693803878e-17
1.023752560755897356e+01,3.122082416743987804e-17
1.027555918611706964e+01,3.116661444017419266e-17
1.031373406376963686e+01,3.111232333492968824e-17
1.035205076545896929e+01,3.105795233316758967e-17
1.039050981807758411e+01,3.100350290802919074e-17
1.042911175047546379e+01,3.094897652434402630e-17
1.046785709346732851e+01,3.089437463863834013e-17
1.050674637983994408e+01,3.083969869914415072e-17
1.054578014435943167e+01,3.078495014580871141e-17
1.058495892377863079e+01,3.073013041030430954e-17
1.062428325684447827e+01,3.067524091603868803e-17
1.066375368430542281e+01,3.062028307816566420e-17
1.070337074891884122e+01,3.056525830359636486e-17
1.074313499545854356e+01,3.051016799101069564e-17
1.078304697072220897e+01,3.045501353086935257e-17
1.082310722353894938e+01,3.039979630542612959e-17
1.086331630477682886e+01,3.034451768874068825e-17
1.090367476735045571e+01,3.028917904669164164e-17
1.094418316622857290e+01,3.023378173699005755e-17
1.098484205844171235e+01,3.017832710919329429e-17
1.102565200308982085e+01,3.012281650471928034e-17
1.106661356134996943e+01,3.006725125686104046e-17
1.110772729648406809e+01,3.001163269080164708e-17
1.114899377384660539e+01,2.995596212362946137e-17
1.119041356089243955e+01,2.990024086435381178e-17
1.123198722718457354e+01,2.984447021392086376e-17
1.127371534440200840e+01,2.978865146522997630e-17
1.131559848634759469e+01,2.973278590315019400e-17
1.135763722895593020e+01,2.967687480453723847e-17
1.139983215030127006e+01,2.962091943825066596e-17
1.144218383060549371e+01,2.956492106517143196e-17
1.148469285224605763e+01,2.950888093821971440e-17
1.152735979976402447e+01,2.945280030237295894e-17
1.157018525987208868e+01,2.939668039468434937e-17
1.161316982146265531e+01,2.934052244430150607e-17
1.165631407561592248e+01,2.928432767248531391e-17
1.169961861560803662e+01,2.922809729262929251e-17
1.174308403691921576e+01,2.917183251027907118e-17
1.178671093724196162e+01,2.911553452315204889e-17
1.183049991648927346e+01,2.905920452115751633e-17
1.187445157680288510e+01,2.900284368641685199e-17
1.191856652256157645e+01,2.894645319328403875e-17
1.196284536038944957e+01,2.889003420836646384e-17
1.200728869916428287e+01,2.883358789054584224e-17
1.205189715002591022e+01,2.877711539099946038e-17
1.209667132638462128e+01,2.872061785322161718e-17
1.214161184392958326e+01,2.866409641304527456e-17
1.218671932063734253e+01,2.860755219866394833e-17
1.223199437678027834e+01,2.855098633065379631e-17
1.227743763493515949e+01,2.849439992199594064e-17
1.232304971999169929e+01,2.843779407809892561e-17
1.236883125916114068e+01,2.838116989682144060e-17
1.241478288198490709e+01,2.832452846849523402e-17
1.246090522034321957e+01,2.826787087594816283e-17
1.250719890846381688e+01,2.821119819452748242e-17
1.255366458293066501e+01,2.815451149212329674e-17
1.260030288269270748e+01,2.809781182919216864e-17
1.264711444907265836e+01,2.804110025878095217e-17
1.269409992577583068e+01,2.798437782655068016e-17
1.274125995889895968e+01,2.792764557080080947e-17
1.278859519693911295e+01,2.787090452249343526e-17
1.283610629080259358e+01,2.781415570527777652e-17
1.288379389381390183e+01,2.775740013551470472e-17
1.293165866172470047e+01,2.770063882230159596e-17
1.297970125272287056e+01,2.764387276749713394e-17
1.302792232744151235e+01,2.758710296574641479e-17
1.307632254896806145e+01,2.753033040450603348e-17
1.312490258285339984e+01,2.747355606406947527e-17
1.317366309712099870e+01,2.741678091759245482e-17
1.322260476227613779e+01,2.736000593111856643e-17
1.327172825131507139e+01,2.730323206360487587e-17
1.332103423973432932e+01,2.724646026694779250e-17
1.337052340553998064e+01,2.718969148600892299e-17
1.342019642925696488e+01,2.713292665864110984e-17
1.347005399393844804e+01,2.707616671571462411e-17
1.352009678517523383e+01,2.701941258114324704e-17
1.357032549110515163e+01,2.696266517191079558e-17
1.362074080242255114e+01,2.690592539809741975e-17
1.367134341238778994e+01,2.684919416290621440e-17
1.372213401683676892e+01,2.679247236268976313e-17
1.377311331419048912e+01,2.673576088697691953e-17
1.382428200546468666e+01,2.667906061849955137e-17
1.387564079427943220e+01,2.662237243321944819e-17
1.392719038686883160e+01,2.656569720035525041e-17
1.397893149209073194e+01,2.650903578240950476e-17
1.403086482143645597e+01,2.645238903519577838e-17
1.408299108904062891e+01,2.639575780786573576e-17
1.413531101169093951e+01,2.633914294293650855e-17
1.418782530883803261e+01,2.628254527631796060e-17
1.424053470260539633e+01,2.622596563733998989e-17
1.429343991779928835e+01,2.616940484878002776e-17
1.434654168191870127e+01,2.611286372689048262e-17
1.439984072516538482e+01,2.605634308142628540e-17
1.445333778045385387e+01,2.599984371567245958e-17
1.450703358342149407e+01,2.594336642647176836e-17
1.456092887243866230e+01,2.588691200425239251e-17
1.461502438861884379e+01,2.583048123305564225e-17
1.466932087582886446e+01,2.577407489056367521e-17
1.472381908069908008e+01,2.571769374812737158e-17
1.477851975263366668e+01,2.566133857079412295e-17
1.483342364382093059e+01,2.560501011733567664e-17
1.488853150924363433e+01,2.554870914027605709e-17
1.494384410668938656e+01,2.549243638591948718e-17
1.499936219676108351e+01,2.543619259437830344e-17
1.505508654288732906e+01,2.537997849960097299e-17
1.511101791133295436e+01,2.532379482940004561e-17
1.516715707120955514e+01,2.526764230548017692e-17
1.522350479448606286e+01,2.521152164346616363e-17
1.528006185599935485e+01,2.515543355293093897e-17
1.533682903346494086e+01,2.509937873742368195e-17
1.539380710748760883e+01,2.504335789449786199e-17
1.545099686157218599e+01,2.498737171573926508e-17
1.550839908213431784e+01,2.493142088679411544e-17
1.556601455851125948e+01,2.487550608739716015e-17
1.562384408297277005e+01,2.481962799139967995e-17
1.568188845073195736e+01,2.476378726679764163e-17
1.574014845995624690e+01,2.470798457575976739e-17
1.579862491177834372e+01,2.465222057465556091e-17
1.585731861030725476e+01,2.459649591408340744e-17
1.591623036263933777e+01,2.454081123889865854e-17
1.597536097886942486e+01,2.448516718824159959e-17
1.603471127210192293e+01,2.442956439556557766e-17
1.609428205846202431e+01,2.437400348866496291e-17
1.615407415710691197e+01,2.431848508970322095e-17
1.621408839023704118e+01,2.426300981524084346e-17
1.627432558310741939e+01,2.420757827626333423e-17
1.633478656403900331e+01,2.415219107820919528e-17
1.639547216443002497e+01,2.409684882099782660e-17
1.645638321876746701e+01,2.404155209905748145e-17
1.651752056463853080e+01,2.398630150135307985e-17
1.657888504274213304e+01,2.393109761141414535e-17
1.664047749690051603e+01,2.387594100736253842e-17
1.670229877407079044e+01,2.382083226194037783e-17
1.676434972435661308e+01,2.376577194253771855e-17
1.682663120101987886e+01,2.371076061122030980e-17
1.688914406049245187e+01,2.365579882475731306e-17
1.695188916238791421e+01,2.360088713464898303e-17
1.701486736951345691e+01,2.354602608715422848e-17
1.707807954788166072e+01,2.349121622331830253e-17
1.714152656672244746e+01,2.343645807900032027e-17
1.720520929849503844e+01,2.338175218490069331e-17
1.726912861889993067e+01,2.332709906658874297e-17
1.733328540689094766e+01,2.327249924453002999e-17
1.739768054468735059e+01,2.321795323411372739e-17
1.746231491778591760e+01,2.316346154568005495e-17
1.752718941497316152e+01,2.310902468454746104e-17
1.759230492833752990e+01,2.305464315103996773e-17
1.765766235328168321e+01,2.300031744051424164e-17
1.772326258853482628e+01,2.294604804338685898e-17
1.778910653616502202e+01,2.289183544516131784e-17
1.785519510159162238e+01,2.283768012645512451e-17
1.792152919359771701e+01,2.278358256302674414e-17
1.798810972434263888e+01,2.272954322580254834e-17
1.805493760937447334e+01,2.267556258090369506e-17
1.812201376764270933e+01,2.262164108967290663e-17
1.818933912151080534e+01,2.256777920870131269e-17
1.825691459676891881e+01,2.251397738985507112e-17
1.832474112264662125e+01,2.246023608030202906e-17
1.839281963182567026e+01,2.240655572253833468e-17
1.846115106045286680e+01,2.235293675441493177e-17
1.852973634815288051e+01,2.229937960916400510e-17
1.859857643804120286e+01,2.224588471542540418e-17
1.866767227673710394e+01,2.219245249727296529e-17
1.873702481437666023e+01,2.213908337424073809e-17
1.880663500462579663e+01,2.208577776134923368e-17
1.887650380469344213e+01,2.203253606913152788e-17
1.894663217534464650e+01,2.197935870365933375e-17
1.901702108091381405e+01,2.192624606656897232e-17
1.908767148931796243e+01,2.187319855508736190e-17
1.915858437207003817e+01,2.182021656205778852e-17
1.922976070429225004e+01,2.176730047596578429e-17
1.930120146472953380e+01,2.171445068096472535e-17
1.937290763576293884e+01,2.166166755690158687e-17
1.944488020342319246e+01,2.160895147934245475e-17
1.951712015740422856e+01,2.155630281959803726e-17
1.958962849107680526e+01,2.150372194474906877e-17
1.966240620150218632e+01,2.145120921767168588e-17
1.973545428944581559e+01,2.139876499706265240e-17
1.980877375939109442e+01,2.134638963746462453e-17
1.988236561955319814e+01,2.129408348929120644e-17
1.995623088189293881e+01,2.124184689885202735e-17
2.003037056213066336e+01,2.118968020837768625e-17
2.010478567976027620e+01,2.113758375604465029e-17
2.017947725806317294e+01,2.108555787600006076e-17
2.025444632412238377e+01,2.103360289838645894e-17
2.032969390883665639e+01,2.098171914936644728e-17
2.040522104693465266e+01,2.092990695114721492e-17
2.048102877698915592e+01,2.087816662200508484e-17
2.055711814143139549e+01,2.082649847630988228e-17
2.063349018656532863e+01,2.077490282454925384e-17
2.071014596258205387e+01,2.072337997335294650e-17
2.078708652357425279e+01,2.067193022551691103e-17
2.086431292755067091e+01,2.062055388002745780e-17
2.094182623645071217e+01,2.056925123208515674e-17
2.101962751615896607e+01,2.051802257312881756e-17
2.109771783651993005e+01,2.046686819085927876e-17
2.117609827135268219e+01,2.041578836926317211e-17
2.125476989846567122e+01,2.036478338863655457e-17
2.133373379967150996e+01,2.031385352560851556e-17
2.141299106080190384e+01,2.026299905316458704e-17
2.149254277172251548e+01,2.021222024067023677e-17
2.157239002634799618e+01,2.016151735389411194e-17
2.165253392265701038e+01,2.011089065503129830e-17
2.173297556270733111e+01,2.006034040272644976e-17
2.181371605265103497e+01,2.000986685209683486e-17
2.189475650274964025e+01,1.995947025475531235e-17
2.197609802738943685e+01,1.990915085883319579e-17
2.205774174509678076e+01,1.985890890900305663e-17
2.213968877855347728e+01,1.980874464650142545e-17
2.222194025461221756e+01,1.975865830915137318e-17
2.230449730431211464e+01,1.970865013138507679e-17
2.238736106289417904e+01,1.965872034426623710e-17
2.247053266981699338e+01,1.960886917551240731e-17
2.255401326877235491e+01,1.955909684951729365e-17
2.263780400770099632e+01,1.950940358737286510e-17
2.272190603880839177e+01,1.945978960689149389e-17
2.280632051858060194e+01,1.941025512262787408e-17
2.289104860780015116e+01,1.936080034590098336e-17
2.297609147156199683e+01,1.931142548481587531e-17
2.306145027928957347e+01,1.926213074428534230e-17
2.314712620475083327e+01,1.921291632605163376e-17
2.323312042607444994e+01,1.916378242870792803e-17
2.331943412576595520e+01,1.911472924771978565e-17
2.340606849072401374e+01,1.906575697544655033e-17
2.349302471225677635e+01,1.901686580116253414e-17
2.358030398609822953e+01,1.896805591107829213e-17
2.366790751242463386e+01,1.891932748836162267e-17
2.375583649587108326e+01,1.887068071315857699e-17
2.384409214554798950e+01,1.882211576261441338e-17
2.393267567505776583e+01,1.877363281089432627e-17
2.402158830251148913e+01,1.872523202920422786e-17
2.411083125054566523e+01,1.867691358581136630e-17
2.420040574633901187e+01,1.862867764606481452e-17
2.429031302162940875e+01,1.858052437241597141e-17
2.438055431273073381e+01,1.853245392443890265e-17
2.447113086054992692e+01,1.848446645885057688e-17
2.456204391060403935e+01,1.843656212953107413e-17
2.465329471303735076e+01,1.838874108754362465e-17
2.474488452263860694e+01,1.834100348115463867e-17
2.483681459885819720e+01,1.829334945585357579e-17
2.492908620582552714e+01,1.824577915437274661e-17
2.502170061236638432e+01,1.819829271670706203e-17
2.511465909202039626e+01,1.815089028013362837e-17
2.520796292305852049e+01,1.810357197923126250e-17
2.530161338850066954e+01,1.805633794589998221e-17
2.539561177613329335e+01,1.800918830938029940e-17
2.548995937852711791e+01,1.796212319627252873e-17
2.558465749305492665e+01,1.791514273055591127e-17
2.567970742190937372e+01,1.786824703360775059e-17
2.577511047212094653e+01,1.782143622422229610e-17
2.587086795557586427e+01,1.777471041862975581e-17
2.596698118903416486e+01,1.772806973051501951e-17
2.606345149414779883e+01,1.768151427103638797e-17
2.616028019747880506e+01,1.763504414884423142e-17
2.625746863051753976e+01,1.758865947009945997e-17
2.635501812970104041e+01,1.754236033849201559e-17
2.645293003643131868e+01,1.749614685525919775e-17
2.655120569709385947e+01,1.745001911920393972e-17
2.664984646307612692e+01,1.740397722671295543e-17
2.674885369078614161e+01,1.735802127177484632e-17
2.684822874167112872e+01,1.731215134599809724e-17
2.694797298223627280e+01,1.726636753862891204e-17
2.704808778406345127e+01,1.722066993656912017e-17
2.714857452383013836e+01,1.717505862439382123e-17
2.724943458332831980e+01,1.712953368436906658e-17
2.735066934948347850e+01,1.708409519646938374e-17
2.745228021437373300e+01,1.703874323839519912e-17
2.755426857524889073e+01,1.699347788559027619e-17
2.765663583454970365e+01,1.694829921125892554e-17
2.775938339992716664e+01,1.690320728638320890e-17
2.786251268426185135e+01,1.685820217974008752e-17
2.796602510568332534e+01,1.681328395791834890e-17
2.806992208758972041e+01,1.676845268533557028e-17
2.817420505866720859e+01,1.672370842425500524e-17
2.827887545290970550e+01,1.667905123480222374e-17
2.838393470963858078e+01,1.663448117498187233e-17
2.848938427352244673e+01,1.658999830069418780e-17
2.859522559459701796e+01,1.654560266575150172e-17
2.870146012828508830e+01,1.650129432189462151e-17
2.880808933541647576e+01,1.645707331880916245e-17
2.891511468224816994e+01,1.641293970414178703e-17
2.902253764048446172e+01,1.636889352351629035e-17
2.913035968729717951e+01,1.632493482054970398e-17
2.923858230534606406e+01,1.628106363686822726e-17
2.934720698279905804e+01,1.623728001212311233e-17
2.945623521335283357e+01,1.619358398400649378e-17
2.956566849625331628e+01,1.614997558826704874e-17
2.967550833631630169e+01,1.610645485872564780e-17
2.978575624394813559e+01,1.606302182729090104e-17
2.989641373516653999e+01,1.601967652397455939e-17
3.000748233162136458e+01,1.597641897690697440e-17
3.011896356061559032e+01,1.593324921235230232e-17
3.023085895512629406e+01,1.589016725472373281e-17
3.034317005382572319e+01,1.584717312659863139e-17
3.045589840110251600e+01,1.580426684873352467e-17
3.056904554708284749e+01,1.576144844007909185e-17
3.068261304765180242e+01,1.571871791779501436e-17
3.079660246447474847e+01,1.567607529726475470e-17
3.091101536501883729e+01,1.563352059211027361e-17
3.102585332257450546e+01,1.559105381420664559e-17
3.114111791627720294e+01,1.554867497369656345e-17
3.125681073112899355e+01,1.550638407900484287e-17
3.137293335802042549e+01,1.546418113685276673e-17
3.148948739375239114e+01,1.542206615227239246e-17
3.160647444105806869e+01,1.538003912862072998e-17
3.172389610862496667e+01,1.533810006759391343e-17
3.184175401111710002e+01,1.529624896924123121e-17
3.196004976919709151e+01,1.525448583197907278e-17
3.207878500954853251e+01,1.521281065260486625e-17
3.219796136489832605e+01,1.517122342631083721e-17
3.231758047403913281e+01,1.512972414669778296e-17
3.243764398185194864e+01,1.508831280578865883e-17
3.255815353932866429e+01,1.504698939404221683e-17
3.267911080359478859e+01,1.500575390036646249e-17
3.280051743793226393e+01,1.496460631213207785e-17
3.292237511180228182e+01,1.492354661518573655e-17
3.304468550086829737e+01,1.488257479386338504e-17
3.316745028701906506e+01,1.484169083100340056e-17
3.329067115839171720e+01,1.480089470795970899e-17
3.341434980939500576e+01,1.476018640461480111e-17
3.353848794073263662e+01,1.471956589939267480e-17
3.366308725942658953e+01,1.467903316927172185e-17
3.378814947884063002e+01,1.463858818979750687e-17
3.391367631870391364e+01,1.459823093509547230e-17
3.403966950513453327e+01,1.455796137788361253e-17
3.416613077066332238e+01,1.451777948948503099e-17
3.429306185425767239e+01,1.447768523984039241e-17
3.442046450134540692e+01,1.443767859752041215e-17
3.454834046383889046e+01,1.439775952973811738e-17
3.467669150015895241e+01,1.435792800236117613e-17
3.480551937525920891e+01,1.431818397992405688e-17
3.493482586065027107e+01,1.427852742564015415e-17
3.506461273442409521e+01,1.423895830141383717e-17
3.519488178127846822e+01,1.419947656785242143e-17
3.532563479254155681e+01,1.416008218427805709e-17
3.545687356619647801e+01,1.412077510873957418e-17
3.558859990690607589e+01,1.408155529802421693e-17
3.572081562603772653e+01,1.404242270766934111e-17
3.585352254168822839e+01,1.400337729197400657e-17
3.598672247870885599e+01,1.396441900401053281e-17
3.612041726873037106e+01,1.392554779563594056e-17
3.625460875018828233e+01,1.388676361750338103e-17
3.638929876834807686e+01,1.384806641907344033e-17
3.652448917533062200e+01,1.380945614862538688e-17
3.666018183013761700e+01,1.377093275326837884e-17
3.679637859867720096e+01,1.373249617895254201e-17
3.693308135378953239e+01,1.369414637048006167e-17
3.707029197527261033e+01,1.365588327151611876e-17
3.720801234990808126e+01,1.361770682459981531e-17
3.734624437148720943e+01,1.357961697115501512e-17
3.748498994083689695e+01,1.354161365150110431e-17
3.762425096584588147e+01,1.350369680486367327e-17
3.776402936149088418e+01,1.346586636938519408e-17
3.790432704986297807e+01,1.342812228213556683e-17
3.804514596019404848e+01,1.339046447912260136e-17
3.818648802888326799e+01,1.335289289530246962e-17
3.832835519952381276e+01,1.331540746459005642e-17
3.847074942292946531e+01,1.327800811986927008e-17
3.861367265716153696e+01,1.324069479300328067e-17
3.875712686755574765e+01,1.320346741484466735e-17
3.890111402674928343e+01,1.316632591524553181e-17
3.904563611470785389e+01,1.312927022306754086e-17
3.919069511875305523e+01,1.309230026619186728e-17
3.933629303358953422e+01,1.305541597152913687e-17
3.948243186133252181e+01,1.301861726502926151e-17
3.962911361153533107e+01,1.298190407169118893e-17
3.977634030121699737e+01,1.294527631557264336e-17
3.992411395488999659e+01,1.290873391979979209e-17
4.007243660458814816e+01,1.287227680657677503e-17
4.022131028989446833e+01,1.283590489719530197e-17
4.037073705796925793e+01,1.279961811204406191e-17
4.052071896357826120e+01,1.276341637061815858e-17
4.067125806912089558e+01,1.272729959152842577e-17
