# T_eV,rate_cm3_s
# He electron-impact ionization rate averaged over a 3D Maxwellian
# Generated with He_EII_cross, a_11s, and E_ion
1.000000000000000056e-01,8.512388341284865443e-117
1.006938631476027579e-01,4.650537720839254023e-116
1.013925407558815134e-01,2.511223471451791650e-115
1.020960662306046735e-01,1.340395442723444653e-114
1.028044732093309210e-01,7.072624730261804433e-114
1.035177955630176283e-01,3.689460309796301027e-113
1.042360673976401725e-01,1.902890728931303205e-112
1.049593230558227425e-01,9.704376272870752221e-112
1.056875971184804280e-01,4.893931985603839609e-111
1.064209244064724114e-01,2.440721793921979978e-110
1.071593399822671072e-01,1.203876586912588431e-109
1.079028791516184194e-01,5.873298308234694911e-109
1.086515774652538069e-01,2.834336353427129059e-108
1.094054707205742716e-01,1.353077148968179921e-107
1.101645949633656418e-01,6.390398787789121527e-107
1.109289864895222771e-01,2.986068396941132998e-106
1.116986818467823189e-01,1.380606360129453532e-105
1.124737178364751677e-01,6.316405972278597612e-105
1.132541315152811728e-01,2.859774233314854843e-104
1.140399601970032845e-01,1.281404642553251916e-103
1.148312414543511129e-01,5.682830938599502297e-103
1.156280131207376022e-01,2.494582847403257786e-102
1.164303132920876532e-01,1.083968149095941235e-101
1.172381803286598884e-01,4.662844521332106888e-101
1.180516528568805179e-01,1.985781187464672937e-100
1.188707697711903349e-01,8.373131387933388510e-100
1.196955702359043389e-01,3.495829814309711343e-99
1.205260936870842653e-01,1.445267110879357402e-98
1.213623798344240778e-01,5.917125978746330554e-98
1.222044686631488380e-01,2.399206135262034736e-97
1.230524004359261625e-01,9.634903184282500723e-97
1.239062156947916271e-01,3.832471937615637525e-96
1.247659552630869806e-01,1.510049010524356944e-95
1.256316602474120414e-01,5.894024422231076213e-95
1.265033720395903616e-01,2.279133942529197475e-94
1.273811323186478384e-01,8.731579333934586407e-94
1.282649830528060642e-01,3.314428168626740851e-93
1.291549665014883885e-01,1.246651008426158153e-92
1.300511252173408849e-01,4.646533588103456203e-92
1.309535020482667234e-01,1.716281096987782944e-91
1.318621401394748371e-01,6.282752670667883994e-91
1.327770829355429671e-01,2.279505176594444494e-90
1.336983741824946670e-01,8.197604496138436659e-90
1.346260579298909910e-01,2.922238105200556619e-89
1.355601785329368647e-01,1.032649204725437971e-88
1.365007806546013891e-01,3.617634976109769463e-88
1.374479092677537428e-01,1.256485099516145514e-87
1.384016096573131571e-01,4.326895323817286940e-87
1.393619274224142390e-01,1.477431935136319378e-86
1.403289084785872831e-01,5.002372706333297096e-86
1.413025990599533765e-01,1.679605657794864555e-85
1.422830457214352695e-01,5.592762857341949378e-85
1.432702953409830948e-01,1.846962916149432950e-84
1.442643951218157694e-01,6.049609905360811899e-84
1.452653925946780777e-01,1.965434390431283650e-83
1.462733356201129931e-01,6.333971506787350082e-83
1.472882723907502633e-01,2.024903154038233380e-82
1.483102514336104294e-01,6.421952082318255775e-82
1.493393216124252187e-01,2.020637491293465441e-81
1.503755321299738157e-01,6.308004868498096814e-81
1.514189325304352018e-01,1.953896080637255272e-80
1.524695727017573721e-01,6.005374999137545615e-80
1.535275028780422601e-01,1.831602668435304653e-79
1.545927736419477616e-01,5.543677371557837351e-79
1.556654359271061605e-01,1.665187300933531160e-78
1.567455410205594868e-01,4.964202132320262761e-78
1.578331405652117214e-01,1.468857453448933095e-77
1.589282865622977936e-01,4.313960083394136077e-77
1.600310313738700918e-01,1.257653962192649714e-76
1.611414277253019334e-01,3.639627306510700185e-76
1.622595287078087423e-01,1.045647645282630203e-75
1.633853877809861299e-01,2.982416866548467897e-75
1.645190587753662392e-01,8.445542450240506484e-75
1.656605958949914359e-01,2.374567433234658313e-74
1.668100537200058742e-01,6.629192169860832863e-74
1.679674872092653537e-01,1.837710488523680532e-73
1.691329517029648011e-01,5.058887914562828703e-73
1.703065029252844309e-01,1.382978558817160788e-72
1.714881969870540035e-01,3.754733070260332745e-72
1.726780903884355400e-01,1.012433671520784533e-71
1.738762400216250781e-01,2.711430667531021477e-71
1.750827031735724126e-01,7.212655925657307408e-71
1.762975375287205715e-01,1.905798368696968114e-70
1.775208011717634982e-01,5.002231754793754953e-70
1.787525525904234969e-01,1.304294754967521381e-69
1.799928506782476900e-01,3.378567415520181252e-69
1.812417547374236826e-01,8.694688307638717307e-69
1.824993244816152382e-01,2.223102989445992440e-68
1.837656200388171346e-01,5.647662014403674973e-68
1.850407019542301690e-01,1.425609712558618046e-67
1.863246311931560373e-01,3.575811130722614791e-67
1.876174691439120579e-01,8.912704205555434426e-67
1.889192776207666291e-01,2.207619872592973655e-66
1.902301188668944765e-01,5.434226436593377978e-66
1.915500555573527997e-01,1.329439036926077482e-65
1.928791508020778200e-01,3.232472808455283979e-65
1.942174681489025334e-01,7.811878146858540345e-65
1.955650715865949185e-01,1.876499315184589515e-64
1.969220255479172399e-01,4.480555356554403535e-64
1.982883949127071388e-01,1.063466378081416811e-63
1.996642450109794020e-01,2.509238999791778281e-63
2.010496416260497965e-01,5.885784911223658101e-63
2.024446509976803865e-01,1.372550910499406094e-62
2.038493398252463062e-01,3.182231389687526957e-62
2.052637752709252084e-01,7.335532534578882392e-62
2.066880249629082511e-01,1.681300725287804321e-61
2.081221569986338171e-01,3.831688148586564895e-61
2.095662399480432980e-01,8.683262654638334256e-61
2.110203428568595552e-01,1.956773930555361511e-60
2.124845352498882789e-01,4.385105976067019822e-60
2.139588871343422183e-01,9.772775714835170688e-60
2.154434690031883370e-01,2.166061226182044892e-59
2.169383518385184229e-01,4.774797177472457062e-59
2.184436071149427339e-01,1.046855802442905528e-58
2.199593068030074872e-01,2.282878280593302426e-58
2.214855233726359951e-01,4.951750011852363067e-58
2.230223297965937546e-01,1.068392244043595230e-57
2.245697995539774061e-01,2.293056146640917490e-57
2.261280066337278405e-01,4.895830514934989442e-57
2.276970255381680075e-01,1.039875756581861239e-56
2.292769312865649278e-01,2.197331007867388785e-56
2.308677994187168514e-01,4.619382462329450988e-56
2.324697059985647851e-01,9.661890482372607579e-56
2.340827276178293059e-01,2.010690809861505400e-55
2.357069413996727703e-01,4.163404472682783551e-55
2.373424250023866700e-01,8.578020433399926297e-55
2.389892566231049675e-01,1.758634694717393935e-54
2.406475150015424114e-01,3.587807310172292076e-54
2.423172794237599403e-01,7.283870571879884572e-54
2.439986297259550130e-01,1.471599349833532530e-53
2.456916462982790816e-01,2.958868962846117287e-53
2.473964100886813511e-01,5.920863864636877780e-53
2.491130026067788494e-01,1.179184979278212450e-52
2.508415059277540049e-01,2.337386561511543459e-52
2.525820026962784515e-01,4.611529732971916495e-52
2.543345761304649510e-01,9.056061773195778433e-52
2.560993100258458499e-01,1.770221301728886474e-51
2.578762887593800679e-01,3.444477926032352583e-51
2.596655972934870937e-01,6.671763536074570489e-51
2.614673211801092356e-01,1.286450040868885664e-50
2.632815465648021269e-01,2.469413368906029642e-50
2.651083601908538201e-01,4.719073176027238014e-50
2.669478494034320804e-01,8.978319153168771209e-50
2.688001021537606006e-01,1.700677825760694897e-49
2.706652070033241375e-01,3.207383730386304449e-49
2.725432531281029025e-01,6.022748757090914248e-49
2.744343303228364839e-01,1.126072940924894271e-48
2.763385290053169685e-01,2.096424176397489848e-48
2.782559402207124277e-01,3.886381923405912296e-48
2.801866556459195468e-01,7.174278123221101793e-48
2.821307675939472293e-01,1.318833584166320291e-47
2.840883690183303445e-01,2.414312049657161285e-47
2.860595535175741722e-01,4.401501876463562418e-47
2.880444153396296558e-01,7.991436461449290975e-47
2.900430493863991877e-01,1.445032382393675053e-46
2.920555512182746449e-01,2.602383470841175668e-46
2.940820170587062909e-01,4.667863180568467099e-46
2.961225437988034281e-01,8.339309734025941932e-46
2.981772290019671923e-01,1.483949817561857990e-45
3.002461709085549324e-01,2.630251820029433479e-45
3.023294684405777866e-01,4.643829313666497130e-45
3.044272212064301764e-01,8.167096535112804522e-45
3.065395295056526637e-01,1.430814351729437676e-44
3.086664943337272815e-01,2.497092333745756640e-44
3.108082173869063936e-01,4.341433038277049505e-44
3.129648010670751934e-01,7.519521443408313177e-44
3.151363484866478437e-01,1.297529397503939028e-43
3.173229634734976989e-01,2.230618810757733818e-43
3.195247505759211681e-01,3.820549473308734260e-43
3.217418150676371602e-01,6.519731272647786763e-43
3.239742629528197249e-01,1.108531333987569863e-42
3.262222009711668869e-01,1.877982737330560439e-42
3.284857366030044523e-01,3.170088753644739145e-42
3.307649780744240653e-01,5.332099365690289508e-42
3.330600343624588455e-01,8.936814496037094059e-42
3.353710152002930545e-01,1.492573011944897581e-41
3.376980310825090648e-01,2.484089965203311938e-41
3.400411932703706896e-01,4.119916746531959824e-41
3.424006137971423724e-01,6.809408062525199536e-41
3.447764054734464012e-01,1.121606266835431870e-40
3.471686818926561502e-01,1.841161621868039362e-40
3.495775574363274574e-01,3.012132159514636466e-40
3.520031472796679717e-01,4.911304799091476243e-40
3.544455673970434706e-01,7.981243672171987221e-40
3.569049345675229801e-01,1.292721774924051732e-39
3.593813663804627523e-01,2.086941588418978061e-39
3.618749812411279354e-01,3.358119252388645747e-39
3.643858983763545445e-01,5.386073983741077998e-39
3.669142378402492910e-01,8.610901356687125142e-39
3.694601205199302685e-01,1.372254508530953186e-38
3.720236681413067736e-01,2.179917499812427333e-38
3.746050032748992065e-01,3.452027994638311457e-38
3.772042493416998266e-01,5.449377255427990968e-38
3.798215306190735330e-01,8.575651911074872399e-38
3.824569722466998889e-01,1.345378375999865222e-37
3.851107002325570572e-01,2.104204915373935984e-37
3.877828414589456485e-01,3.281006600656233675e-37
3.904735236885560901e-01,5.100477029908512965e-37
3.931828755705769063e-01,7.905114716084722702e-37
3.959110266468458539e-01,1.221541576421314014e-36
3.986581073580440782e-01,1.882001525103917178e-36
4.014242490499320692e-01,2.891027438465394158e-36
4.042095839796306933e-01,4.428063119972013131e-36
4.070142453219438017e-01,6.762596889887665769e-36
4.098383671757261371e-01,1.029816881683099929e-35
4.126820845702953711e-01,1.563730701746172159e-35
4.155455334718875515e-01,2.367706955486436982e-35
4.184288507901581244e-01,3.574921333207146349e-35
4.213321743847288081e-01,5.382524864827611806e-35
4.242556430717777105e-01,8.081556625194176667e-35
4.271993966306779078e-01,1.210045671979065909e-34
4.301635758106794882e-01,1.806818634024535267e-34
4.331483223376399461e-01,2.690553589937621442e-34
4.361537789208004834e-01,3.995684555329748885e-34
4.391800892596086081e-01,5.917950444743299612e-34
4.422273980505899149e-01,8.741583227171013836e-34
4.452958509942655518e-01,1.287821049749701893e-33
4.483855948021187587e-01,1.892237058702112309e-33
4.514967772036100890e-01,2.773052335660296212e-33
4.546295469532399269e-01,4.053320344793060584e-33
4.577840538376618529e-01,5.909380014365368041e-33
4.609604486828433600e-01,8.593276215080289933e-33
4.641588833612778631e-01,1.246433655182065503e-32
4.673795107992462228e-01,1.803352941968322988e-32
4.706224849841281754e-01,2.602561756721965765e-32
4.738879609717653318e-01,3.746602536774251651e-32
4.771760948938745805e-01,5.380194059014404570e-32
4.804870439655130054e-01,7.707071997459943033e-32
4.838209664925955944e-01,1.101334939119559874e-31
4.871780218794632411e-01,1.569984123974374989e-31
4.905583706365048147e-01,2.232668336425546468e-31
4.939621743878320759e-01,3.167477152622039469e-31
4.973895958790063854e-01,4.483015703052545744e-31
5.008407989848211450e-01,6.329969793980005103e-31
5.043159487171360311e-01,8.916916321446501813e-31
5.078152112327672940e-01,1.253188611533821010e-30
5.113387538414325695e-01,1.757170296144956223e-30
5.148867450137493140e-01,2.458180981379891660e-30
5.184593543892911383e-01,3.431020533601024140e-30
5.220567527846976530e-01,4.778032162410037362e-30
5.256791122018421580e-01,6.638926931708935587e-30
5.293266058360561743e-01,9.203997882738710184e-30
5.329994080844089321e-01,1.273185309649964423e-29
5.366976945540474775e-01,1.757315969118680927e-29
5.404216420705916235e-01,2.420236543663252599e-29
5.441714286865890760e-01,3.325998456756564806e-29
5.479472336900287344e-01,4.560884209636807684e-29
5.517492376129126130e-01,6.240872102293375068e-29
5.555776222398876030e-01,8.521521902194279682e-29
5.594325706169378520e-01,1.161103843185585974e-28
5.633142670601354318e-01,1.578749775688435218e-28
5.672228971644543982e-01,2.142151410837804098e-28
5.711586478126432498e-01,2.900600303170065589e-28
5.751217071841612238e-01,3.919518046844864588e-28
5.791122647641759880e-01,5.285555748546093128e-28
5.831305113526221717e-01,7.113248256581553265e-28
5.871766390733255125e-01,9.553679346791969774e-28
5.912508413831878418e-01,1.280574258801928026e-27
5.953533130814369079e-01,1.713074579989180996e-27
5.994842503189410365e-01,2.287131379792968440e-27
6.036438506075867405e-01,3.047580560362005318e-27
6.078323128297229427e-01,4.052979227759057750e-27
6.120498372476699256e-01,5.379655711443989128e-27
6.162966255132941162e-01,7.126910227281004267e-27
6.205728806776501516e-01,9.423680111757913878e-27
6.248788072006891126e-01,1.243706557920556307e-26
6.292146109610343707e-01,1.638321443660142855e-26
6.335804992658250478e-01,2.154119198441934618e-26
6.379766808606280870e-01,2.827062137853427736e-26
6.424033659394192686e-01,3.703407728817697196e-26
6.468607661546326160e-01,4.842546061363999779e-26
6.513490946272803006e-01,6.320588510356736603e-26
6.558685659571431570e-01,8.234898102940525696e-26
6.604193962330303647e-01,1.070979825101226699e-25
6.650018030431119609e-01,1.390375328456247486e-25
6.696160054853220744e-01,1.801838395162270081e-25
6.742622241778342129e-01,2.330976653099360426e-25
6.789406812696109350e-01,3.010256880041733574e-25
6.836516004510236888e-01,3.880770385705060868e-25
6.883952069645498106e-01,4.994433854355863125e-25
6.931717276155405782e-01,6.416728278787339309e-25
6.979813907830659803e-01,8.230101643924248599e-25
7.028244264308348699e-01,1.053818894278710829e-24
7.077010661181887263e-01,1.347103691063119244e-24
7.126115430111746862e-01,1.719156171054576355e-24
7.175560918936926269e-01,2.190351707758980269e-24
7.225349491787214085e-01,2.786130976393384265e-24
7.275483529196228316e-01,3.538207045598422341e-24
7.325965428215229780e-01,4.486047393348083181e-24
7.376797602527732645e-01,5.678690479047537585e-24
7.427982482564916555e-01,7.176968768802867997e-24
7.479522515621821466e-01,9.056224755171359039e-24
7.531420165974371805e-01,1.140962396875399336e-23
7.583677914997191127e-01,1.435218975210737021e-23
7.636298261282243871e-01,1.802570924620948775e-23
7.689283720758310903e-01,2.260468931275834951e-23
7.742636826811269968e-01,2.830357578025810603e-23
7.796360130405233235e-01,3.538549038478667113e-23
7.850456200204509738e-01,4.417278815119616382e-23
7.904927622696422684e-01,5.505979496925822193e-23
7.959777002314983863e-01,6.852815219611772892e-23
8.015006961565405152e-01,8.516527391478695520e-23
8.070620141149503768e-01,1.056865149013008901e-22
8.126619200091945716e-01,1.309617555870363792e-22
8.183006815867391870e-01,1.620472368558872507e-22
8.239785684528517784e-01,2.002236252608246476e-22
8.296958520834906148e-01,2.470414614651414998e-22
8.354528058382867384e-01,3.043753451592484969e-22
8.412497049736118448e-01,3.744884426463176204e-22
8.470868266557404214e-01,4.601091735905459781e-22
8.529644499741022567e-01,5.645222466015260445e-22
8.588828559546252128e-01,6.916765756495530339e-22
8.648423275731722537e-01,8.463130278601957191e-22
8.708431497690723999e-01,1.034115436037672476e-21
8.768856094587428318e-01,1.261888865362820356e-21
8.829699955494089147e-01,1.537769763298576633e-21
8.890965989529160396e-01,1.871473356283910765e-21
8.952657125996396070e-01,2.274584499193478484e-21
9.014776314524917122e-01,2.760899148236316626e-21
9.077326525210226427e-01,3.346824731147924059e-21
9.140310748756229620e-01,4.051848948292721179e-21
9.203731996618222944e-01,4.899087974837386032e-21
9.267593301146878071e-01,5.915926669998924642e-21
9.331897715733238341e-01,7.134765259571515042e-21
9.396648314954693104e-01,8.593889070336909402e-21
9.461848194721999006e-01,1.033848029046005514e-20
9.527500472427292699e-01,1.242179344277900283e-20
9.593608287093141618e-01,1.490651932587377109e-20
9.660174799522646127e-01,1.786636564273688956e-20
9.727203192450539770e-01,2.138788644485885993e-20
9.794696670695393070e-01,2.557259692134298658e-20
9.862658461312823199e-01,3.053941501403607769e-20
9.931091813749796104e-01,3.642747690186704439e-20
1.000000000000000000e+00,4.339937963770026830e-20
1.006938631476027579e+00,5.164491121248267829e-20
1.013925407558815328e+00,6.138533614452963376e-20
1.020960662306046540e+00,7.287831343396433882e-20
1.028044732093309266e+00,8.642353347897237206e-20
1.035177955630176339e+00,1.023691714253067176e-19
1.042360673976401753e+00,1.211192665260705265e-19
1.049593230558227619e+00,1.431421505472122937e-19
1.056875971184803920e+00,1.689800631976749919e-19
1.064209244064724169e+00,1.992601091346024573e-19
1.071593399822671211e+00,2.347067294476106506e-19
1.079028791516184249e+00,2.761558808282161118e-19
1.086515774652538457e+00,3.245711380596689177e-19
1.094054707205742494e+00,3.810619602110310014e-19
1.101645949633656363e+00,4.469043881932597094e-19
1.109289864895222744e+00,5.235644713549356263e-19
1.116986818467823106e+00,6.127247537973593214e-19
1.124737178364751955e+00,7.163141873244306868e-19
1.132541315152811423e+00,8.365418776809301205e-19
1.140399601970032428e+00,9.759351142590734240e-19
1.148312414543511073e+00,1.137382181070608306e-18
1.156280131207376050e+00,1.324180498813207626e-18
1.164303132920876838e+00,1.540090704644854098e-18
1.172381803286598467e+00,1.789397338180090023e-18
1.180516528568804846e+00,2.076976869616787497e-18
1.188707697711903322e+00,2.408373879192049290e-18
1.196955702359043361e+00,2.789886276773621201e-18
1.205260936870842681e+00,3.228660536758981499e-18
1.213623798344240612e+00,3.732798017043487865e-18
1.222044686631488020e+00,4.311473532116487635e-18
1.230524004359261570e+00,4.975067459854192425e-18
1.239062156947916327e+00,5.735312779832690426e-18
1.247659552630869806e+00,6.605458568527298610e-18
1.256316602474120803e+00,7.600451614170034900e-18
1.265033720395903227e+00,8.737137961893215240e-18
1.273811323186478495e+00,1.003448635870622008e-17
1.282649830528060475e+00,1.151383573846183248e-17
1.291549665014884107e+00,1.319916906992234836e-17
1.300511252173409238e+00,1.511741608699144609e-17
1.309535020482667012e+00,1.729878762982850439e-17
1.318621401394748593e+00,1.977714454959754936e-17
1.327770829355429782e+00,2.259040436873711807e-17
1.336983741824946614e+00,2.578098914360328639e-17
1.346260579298910409e+00,2.939631824785020657e-17
1.355601785329368258e+00,3.348935008373654631e-17
1.365007806546013835e+00,3.811917703541759918e-17
1.374479092677537428e+00,4.335167830394859536e-17
1.384016096573131627e+00,4.926023560896706669e-17
1.393619274224142668e+00,5.592651710754972583e-17
1.403289084785872332e+00,6.344133526734184987e-17
1.413025990599533710e+00,7.190558483945030143e-17
1.422830457214352640e+00,8.143126750749933572e-17
1.432702953409831004e+00,9.214261024342525877e-17
1.442643951218158138e+00,1.041772848786524921e-16
1.452653925946780555e+00,1.176877369020115180e-16
1.462733356201129986e+00,1.328426320237036082e-16
1.472882723907502633e+00,1.498284295984231802e-16
1.483102514336104516e+00,1.688510925810473209e-16
1.493393216124252687e+00,1.901379442955216915e-16
1.503755321299737657e+00,2.139396829323293662e-16
1.514189325304351907e+00,2.405325653525981620e-16
1.524695727017573832e+00,2.702207724678472028e-16
1.535275028780422657e+00,3.033389691840650461e-16
1.545927736419477672e+00,3.402550726473101408e-16
1.556654359271061328e+00,3.813732433056912827e-16
1.567455410205595090e+00,4.271371141095120194e-16
1.578331405652117381e+00,4.780332740074566895e-16
1.589282865622978047e+00,5.345950227621850792e-16
1.600310313738700918e+00,5.974064150031031157e-16
1.611414277253019112e+00,6.671066123574759339e-16
1.622595287078087090e+00,7.443945634529386680e-16
1.633853877809861244e+00,8.300340325643558284e-16
1.645190587753662559e+00,9.248589986856352486e-16
1.656605958949914470e+00,1.029779447841382557e-15
1.668100537200059241e+00,1.145787582513848521e-15
1.679674872092653093e+00,1.273964473146296070e-15
1.691329517029647844e+00,1.415487177793874320e-15
1.703065029252844420e+00,1.571636357125696840e-15
1.714881969870539979e+00,1.743804413136810973e-15
1.726780903884356011e+00,1.933504181103212508e-15
1.738762400216250503e+00,2.142378205506771980e-15
1.750827031735724182e+00,2.372208631867614581e-15
1.762975375287205715e+00,2.624927747646753617e-15
1.775208011717635204e+00,2.902629206621166490e-15
1.787525525904235524e+00,3.207579972382785085e-15
1.799928506782476401e+00,3.542233017871638114e-15
1.812417547374236770e+00,3.909240819118198901e-15
1.824993244816152327e+00,4.311469682637923143e-15
1.837656200388171568e+00,4.752014947191395226e-15
1.850407019542302134e+00,5.234217101889862052e-15
1.863246311931559873e+00,5.761678863889464874e-15
1.876174691439120412e+00,6.338283260171770048e-15
1.889192776207666347e+00,6.968212759151190377e-15
1.902301188668944709e+00,7.655969499079491355e-15
1.915500555573527830e+00,8.406396661427245900e-15
1.928791508020777812e+00,9.224701038611002119e-15
1.942174681489025501e+00,1.011647684659883926e-14
1.955650715865949074e+00,1.108773083405924142e-14
1.969220255479172454e+00,1.214490874082100442e-14
1.982883949127071332e+00,1.329492315947311479e-14
1.996642450109793465e+00,1.454518285495663365e-14
2.010496416260497909e+00,1.590362359797704313e-14
2.024446509976803643e+00,1.737874056899079008e-14
2.038493398252463340e+00,1.897962239039471929e-14
2.052637752709252084e+00,2.071598684535910031e-14
2.066880249629082122e+00,2.259821834249873755e-14
2.081221569986338338e+00,2.463740718625989157e-14
2.095662399480433091e+00,2.684539071351433316e-14
2.110203428568595552e+00,2.923479635739232871e-14
2.124845352498883067e+00,3.181908669984075808e-14
2.139588871343421683e+00,3.461260657476904876e-14
2.154434690031883370e+00,3.763063228393185261e-14
2.169383518385184395e+00,4.088942298788638404e-14
2.184436071149427505e+00,4.440627433446595977e-14
2.199593068030074594e+00,4.819957438720124929e-14
2.214855233726359174e+00,5.228886191601686485e-14
2.230223297965937324e+00,5.669488711231320669e-14
2.245697995539774006e+00,6.143967479021467571e-14
2.261280066337278516e+00,6.654659013532805298e-14
2.276970255381680186e+00,7.204040706178768583e-14
2.292769312865650111e+00,7.794737923768621124e-14
2.308677994187168458e+00,8.429531383818097745e-14
2.324697059985648018e+00,9.111364808463788573e-14
2.340827276178293115e+00,9.843352862709896771e-14
2.357069413996727647e+00,1.062878938261877726e-13
2.373424250023867366e+00,1.147115589892154522e-13
2.389892566231048843e+00,1.237413046138022229e-13
2.406475150015424003e+00,1.334159676907291848e-13
2.423172794237599348e+00,1.437765361159813463e-13
2.439986297259550074e+00,1.548662462600940364e-13
2.456916462982791316e+00,1.667306837408728398e-13
2.473964100886812734e+00,1.794178874434137569e-13
2.491130026067788439e+00,1.929784568290617638e-13
2.508415059277540049e+00,2.074656625724841435e-13
2.525820026962784848e+00,2.229355605635031849e-13
2.543345761304649510e+00,2.394471093075828636e-13
2.560993100258458277e+00,2.570622907560374217e-13
2.578762887593800901e+00,2.758462345940463807e-13
2.596655972934871048e+00,2.958673460114303205e-13
2.614673211801092023e+00,3.171974369779224992e-13
2.632815465648021380e+00,3.399118610412733283e-13
2.651083601908537535e+00,3.640896516630367427e-13
2.669478494034320804e+00,3.898136641032819901e-13
2.688001021537606228e+00,4.171707208616909171e-13
2.706652070033241486e+00,4.462517606787224206e-13
2.725432531281029025e+00,4.771519910964961596e-13
2.744343303228363951e+00,5.099710445750220808e-13
2.763385290053169907e+00,5.448131381552301112e-13
2.782559402207124499e+00,5.817872366559688223e-13
2.801866556459195134e+00,6.210072193878506696e-13
2.821307675939472404e+00,6.625920503623261906e-13
2.840883690183302779e+00,7.066659519698855353e-13
2.860595535175741944e+00,7.533585820967485249e-13
2.880444153396296336e+00,8.028052146446436063e-13
2.900430493863991543e+00,8.551469234137303082e-13
2.920555512182746671e+00,9.105307693038355865e-13
2.940820170587062243e+00,9.691099907844412765e-13
2.961225437988034503e+00,1.031044197579047141e-12
2.981772290019671701e+00,1.096499567504570714e-12
3.002461709085549213e+00,1.165649046401738529e-12
3.023294684405777755e+00,1.238672551087350594e-12
3.044272212064302874e+00,1.315757175254535576e-12
3.065395295056526859e+00,1.397097398242131225e-12
3.086664943337273037e+00,1.482895296589549466e-12
3.108082173869064047e+00,1.573360758288441525e-12
3.129648010670751823e+00,1.668711699637898695e-12
3.151363484866479325e+00,1.769174284604906503e-12
3.173229634734976212e+00,1.874983146587100003e-12
3.195247505759212014e+00,1.986381612470272374e-12
3.217418150676371713e+00,2.103621928868183086e-12
3.239742629528197249e+00,2.226965490428006890e-12
3.262222009711670090e+00,2.356683070079969065e-12
3.284857366030043746e+00,2.493055051105448787e-12
3.307649780744240875e+00,2.636371660893583094e-12
3.330600343624588788e+00,2.786933206251947341e-12
3.353710152002930656e+00,2.945050310133172155e-12
3.376980310825091536e+00,3.111044149635032013e-12
3.400411932703705897e+00,3.285246695127836394e-12
3.424006137971423946e+00,3.468000950359328700e-12
3.447764054734464345e+00,3.659661193383337917e-12
3.471686818926561280e+00,3.860593218155581319e-12
3.495775574363275240e+00,4.071174576636149241e-12
3.520031472796679051e+00,4.291794821235369554e-12
3.544455673970433818e+00,4.522855747436837838e-12
3.569049345675229468e+00,4.764771636428219736e-12
3.593813663804627634e+00,5.017969497568404834e-12
3.618749812411280242e+00,5.282889310516510886e-12
3.643858983763544224e+00,5.559984266846460858e-12
3.669142378402491911e+00,5.849721010968546603e-12
3.694601205199302463e+00,6.152579880177352485e-12
3.720236681413067625e+00,6.469055143644253892e-12
3.746050032748993175e+00,6.799655240170643288e-12
3.772042493416997377e+00,7.144903014516945932e-12
3.798215306190734442e+00,7.505335952121759560e-12
3.824569722466999000e+00,7.881506412023625914e-12
3.851107002325570683e+00,8.273981857798644788e-12
3.877828414589457484e+00,8.683345086325298662e-12
3.904735236885560123e+00,9.110194454188526495e-12
3.931828755705768064e+00,9.555144101534804910e-12
3.959110266468458761e+00,1.001882417318966222e-11
3.986581073580440560e+00,1.050188103685038521e-11
4.014242490499322358e+00,1.100497749816646693e-11
4.042095839796307821e+00,1.152879301252128729e-11
4.070142453219436796e+00,1.207402389332998037e-11
4.098383671757261482e+00,1.264138351666905775e-11
4.126820845702954266e+00,1.323160252205485345e-11
4.155455334718875626e+00,1.384542900919015809e-11
4.184288507901582577e+00,1.448362873049922416e-11
4.213321743847286527e+00,1.514698527927394485e-11
4.242556430717777438e+00,1.583630027325634653e-11
4.271993966306778745e+00,1.655239353348375654e-11
4.301635758106795215e+00,1.729610325822784806e-11
4.331483223376400460e+00,1.806828619185877025e-11
4.361537789208003169e+00,1.886981778847073401e-11
4.391800892596085859e+00,1.970159237010744925e-11
4.422273980505899260e+00,2.056452327942864016e-11
4.452958509942654963e+00,2.145954302666405777e-11
4.483855948021188809e+00,2.238760343070295635e-11
4.514967772036099447e+00,2.334967575417161793e-11
4.546295469532399380e+00,2.434675083235641072e-11
4.577840538376618973e+00,2.537983919583091093e-11
4.609604486828433600e+00,2.644997118665367277e-11
4.641588833612779297e+00,2.755819706800441095e-11
4.673795107992461340e+00,2.870558712713169434e-11
4.706224849841281532e+00,2.989323177149074609e-11
4.738879609717653096e+00,3.112224161795228123e-11
4.771760948938745805e+00,3.239374757497090650e-11
4.804870439655131165e+00,3.370890091760343216e-11
4.838209664925955167e+00,3.506887335527474872e-11
4.871780218794630635e+00,3.647485709219224895e-11
4.905583706365048258e+00,3.792806488031521728e-11
4.939621743878320537e+00,3.942973006479108541e-11
4.973895958790064853e+00,4.098110662177555154e-11
5.008407989848209674e+00,4.258346918855735456e-11
5.043159487171358535e+00,4.423811308591636491e-11
5.078152112327673606e+00,4.594635433264515388e-11
5.113387538414325917e+00,4.770952965217368926e-11
5.148867450137495361e+00,4.952899647123904147e-11
5.184593543892910716e+00,5.140613291054740629e-11
5.220567527846974976e+00,5.334233776738396373e-11
5.256791122018421802e+00,5.533903049012632531e-11
5.293266058360561743e+00,5.739765114462815960e-11
5.329994080844090654e+00,5.951966037244073577e-11
5.366976945540476329e+00,6.170653934084736946e-11
5.404216420705915347e+00,6.395978968468965857e-11
5.441714286865890315e+00,6.628093343997204779e-11
5.479472336900286678e+00,6.867151296923170667e-11
5.517492376129125908e+00,7.113309087867224801e-11
5.555776222398877806e+00,7.366724992705849460e-11
5.594325706169377632e+00,7.627559292637900237e-11
5.633142670601354318e+00,7.895974263428612389e-11
5.672228971644543094e+00,8.172134163832673083e-11
5.711586478126432276e+00,8.456205223198585169e-11
5.751217071841614015e+00,8.748355628256553277e-11
5.791122647641758547e+00,9.048755509092853297e-11
5.831305113526221717e+00,9.357576924314114155e-11
5.871766390733255570e+00,9.674993845405005433e-11
5.912508413831877974e+00,1.000118214028396564e-10
5.953533130814370189e+00,1.033631955606134481e-10
5.994842503189408589e+00,1.068058570100505645e-10
6.036438506075866961e+00,1.103416202571945394e-10
6.078323128297229871e+00,1.139723180354279409e-10
6.120498372476699700e+00,1.176998011017018042e-10
6.162966255132942273e+00,1.215259380250812151e-10
6.205728806776500406e+00,1.254526149676792692e-10
6.248788072006891348e+00,1.294817354580536180e-10
6.292146109610343707e+00,1.336152201571383440e-10
6.335804992658251145e+00,1.378550066167977465e-10
6.379766808606282424e+00,1.422030490310797151e-10
6.424033659394190465e+00,1.466613179802583643e-10
6.468607661546323939e+00,1.512318001677554944e-10
6.513490946272802340e+00,1.559164981500285370e-10
6.558685659571431792e+00,1.607174300595273982e-10
6.604193962330305645e+00,1.656366293208115270e-10
6.650018030431118277e+00,1.706761443599294416e-10
6.696160054853218746e+00,1.758380383071657417e-10
6.742622241778342129e+00,1.811243886932528241e-10
6.789406812696109128e+00,1.865372871391633676e-10
6.836516004510238886e+00,1.920788390395858972e-10
6.883952069645496330e+00,1.977511632401958482e-10
6.931717276155404228e+00,2.035563917088374431e-10
6.979813907830660469e+00,2.094966692007232953e-10
7.028244264308349365e+00,2.155741529177769013e-10
7.077010661181889262e+00,2.217910121622280899e-10
7.126115430111745752e+00,2.281494279845829185e-10
7.175560918936924715e+00,2.346515928260886309e-10
7.225349491787214085e+00,2.412997101558105678e-10
7.275483529196228538e+00,2.480959941024486478e-10
7.325965428215230446e+00,2.550426690810131273e-10
7.376797602527734199e+00,2.621419694144830715e-10
7.427982482564914335e+00,2.693961389505742481e-10
7.479522515621821022e+00,2.768074306737419447e-10
7.531420165974371805e+00,2.843781063125393732e-10
7.583677914997190683e+00,2.921104359424665442e-10
7.636298261282245647e+00,3.000066975844304315e-10
7.689283720758309570e+00,3.080691767989444323e-10
7.742636826811269302e+00,3.163001662761990588e-10
7.796360130405233235e+00,3.247019654221226137e-10
7.850456200204509294e+00,3.332768799405692123e-10
7.904927622696424017e+00,3.420272214117578158e-10
7.959777002314981864e+00,3.509553068670882646e-10
8.015006961565404708e+00,3.600634583604677474e-10
8.070620141149502658e+00,3.693540025362669744e-10
8.126619200091946382e+00,3.788292701940433665e-10
8.183006815867393868e+00,3.884915958501506337e-10
8.239785684528515119e+00,3.983433172963673490e-10
8.296958520834905926e+00,4.083867751556693723e-10
8.354528058382866718e+00,4.186243124352669416e-10
8.412497049736117560e+00,4.290582740770429704e-10
8.470868266557406656e+00,4.396910065055112509e-10
8.529644499741021235e+00,4.505248571734180192e-10
8.588828559546250574e+00,4.615621741051204725e-10
8.648423275731722981e+00,4.728053054378506001e-10
8.708431497690723333e+00,4.842565989610053082e-10
8.768856094587430761e+00,4.959184016535744590e-10
8.829699955494087149e+00,5.077930592198283145e-10
8.890965989529158620e+00,5.198829156233979751e-10
8.952657125996395848e+00,5.321903126198482302e-10
9.014776314524917566e+00,5.447175892878884553e-10
9.077326525210228425e+00,5.574670815593189575e-10
9.140310748756228065e+00,5.704411217478445997e-10
9.203731996618220279e+00,5.836420380768718207e-10
9.267593301146877849e+00,5.970721542063967902e-10
9.331897715733239451e+00,6.107337887591153932e-10
9.396648314954695991e+00,6.246292548458604073e-10
9.461848194721996563e+00,6.387608595904851917e-10
9.527500472427290035e+00,6.531309036543111432e-10
9.593608287093141840e+00,6.677416807602370405e-10
9.660174799522645017e+00,6.825954772166467645e-10
9.727203192450541991e+00,6.976945714412086573e-10
9.794696670695396179e+00,7.130412334846844975e-10
9.862658461312820535e+00,7.286377245548569690e-10
9.931091813749794994e+00,7.444862965406931862e-10
1.000000000000000000e+01,7.605891915368327847e-10
1.006938631476027091e+01,7.769486413685329255e-10
1.013925407558815373e+01,7.935668671171697851e-10
1.020960662306046451e+01,8.104460786463797664e-10
1.028044732093309754e+01,8.275884741290020411e-10
1.035177955630176250e+01,8.449962395748500294e-10
1.042360673976401131e+01,8.626715483595005205e-10
1.049593230558227752e+01,8.806165607541362056e-10
1.056875971184804008e+01,8.988334234565696332e-10
1.064209244064724658e+01,9.173242691235826907e-10
1.071593399822671167e+01,9.360912159046110823e-10
1.079028791516183539e+01,9.551363669769582637e-10
1.086515774652538369e+01,9.744618100825751260e-10
1.094054707205742361e+01,9.940696170665222691e-10
1.101645949633656940e+01,1.013961843417257241e-09
1.109289864895222699e+01,1.034140527808758430e-09
1.116986818467822573e+01,1.054607691644684855e-09
1.124737178364751955e+01,1.075365338604584256e-09
1.132541315152811556e+01,1.096415454192282888e-09
1.140399601970033139e+01,1.117760005286582510e-09
1.148312414543511117e+01,1.139400939694281350e-09
1.156280131207375383e+01,1.161340185705709078e-09
1.164303132920876749e+01,1.183579651652791705e-09
1.172381803286598512e+01,1.206121225469772150e-09
1.180516528568805512e+01,1.228966774256709307e-09
1.188707697711903322e+01,1.252118143845773186e-09
1.196955702359042739e+01,1.275577158370519146e-09
1.205260936870842592e+01,1.299345619838159213e-09
1.213623798344240612e+01,1.323425307704942561e-09
1.222044686631488730e+01,1.347817978454783708e-09
1.230524004359261525e+01,1.372525365181132646e-09
1.239062156947915661e+01,1.397549177172285004e-09
1.247659552630869761e+01,1.422891099500128939e-09
1.256316602474120181e+01,1.448552792612459659e-09
1.265033720395903849e+01,1.474535891928978623e-09
1.273811323186478539e+01,1.500842007440975761e-09
1.282649830528059809e+01,1.527472723314893236e-09
1.291549665014884063e+01,1.554429597499763523e-09
1.300511252173408572e+01,1.581714161338636552e-09
1.309535020482667633e+01,1.609327919184135531e-09
1.318621401394748460e+01,1.637272348018111852e-09
1.327770829355429072e+01,1.665548897075607958e-09
1.336983741824946570e+01,1.694158987473113691e-09
1.346260579298909654e+01,1.723104011841232959e-09
1.355601785329368880e+01,1.752385333961885008e-09
1.365007806546013747e+01,1.782004288410020032e-09
1.374479092677536585e+01,1.811962180200050124e-09
1.384016096573131627e+01,1.842260284436974277e-09
1.393619274224142046e+01,1.872899845972311154e-09
1.403289084785873087e+01,1.903882079064971173e-09
1.413025990599533621e+01,1.935208167047025489e-09
1.422830457214351974e+01,1.966879261994583245e-09
1.432702953409831004e+01,1.998896484403747277e-09
1.442643951218157383e+01,2.031260922871757506e-09
1.452653925946781222e+01,2.063973633783449776e-09
1.462733356201129808e+01,2.097035641002980940e-09
1.472882723907501834e+01,2.130447935571037336e-09
1.483102514336104427e+01,2.164211475407473274e-09
1.493393216124251843e+01,2.198327185019508196e-09
1.503755321299738412e+01,2.232795955215582557e-09
1.514189325304351996e+01,2.267618642824834834e-09
1.524695727017574498e+01,2.302796070422409724e-09
1.535275028780422701e+01,2.338329026060506580e-09
1.545927736419476872e+01,2.374218263005387255e-09
1.556654359271061949e+01,2.410464499480286304e-09
1.567455410205595001e+01,2.447068418414322788e-09
1.578331405652118136e+01,2.484030667197543972e-09
1.589282865622977958e+01,2.521351857442018193e-09
1.600310313738700074e+01,2.559032564749197756e-09
1.611414277253019733e+01,2.597073328483478243e-09
1.622595287078087267e+01,2.635474651552059697e-09
1.633853877809861999e+01,2.674237000191219276e-09
1.645190587753662470e+01,2.713360803758923432e-09
1.656605958949913671e+01,2.752846454533974392e-09
1.668100537200059108e+01,2.792694307521626852e-09
1.679674872092653004e+01,2.832904680265767518e-09
1.691329517029648599e+01,2.873477852667760485e-09
1.703065029252844198e+01,2.914414066811868287e-09
1.714881969870539180e+01,2.955713526797467822e-09
1.726780903884355922e+01,2.997376398577947005e-09
1.738762400216250370e+01,3.039402809806404142e-09
1.750827031735725114e+01,3.081792849688224505e-09
1.762975375287205893e+01,3.124546568840441418e-09
1.775208011717634093e+01,3.167663979158094483e-09
1.787525525904235479e+01,3.211145053687473248e-09
1.799928506782476489e+01,3.254989726506321601e-09
1.812417547374237614e+01,3.299197892611130693e-09
1.824993244816152327e+01,3.343769407811363212e-09
1.837656200388170546e+01,3.388704088630843943e-09
1.850407019542302223e+01,3.434001712216182606e-09
1.863246311931559873e+01,3.479662016252310851e-09
1.876174691439121389e+01,3.525684698885233936e-09
1.889192776207666213e+01,3.572069418651842790e-09
1.902301188668943865e+01,3.618815794417013551e-09
1.915500555573527919e+01,3.665923405317838218e-09
1.928791508020777812e+01,3.713391790715079904e-09
1.942174681489026611e+01,3.761220450151927129e-09
1.955650715865949252e+01,3.809408843319886269e-09
1.969220255479171300e+01,3.857956390032039218e-09
1.982883949127071332e+01,3.906862470203499181e-09
1.996642450109793288e+01,3.956126423839120836e-09
2.010496416260498975e+01,4.005747551028583573e-09
2.024446509976803910e+01,4.055725111948624055e-09
2.038493398252462185e+01,4.106058326872667908e-09
2.052637752709252084e+01,4.156746376187666983e-09
2.066880249629081945e+01,4.207788400418214154e-09
2.081221569986339404e+01,4.259183500257996856e-09
2.095662399480433180e+01,4.310930736608408228e-09
2.110203428568594219e+01,4.363029130624527597e-09
2.124845352498882889e+01,4.415477663768272624e-09
2.139588871343421417e+01,4.468275277868769427e-09
2.154434690031884614e+01,4.521420875190037462e-09
2.169383518385184217e+01,4.574913318505740179e-09
2.184436071149426084e+01,4.628751431181252923e-09
2.199593068030074861e+01,4.682933997262794949e-09
2.214855233726359174e+01,4.737459761573711593e-09
2.230223297965938656e+01,4.792327429817957049e-09
2.245697995539773828e+01,4.847535668690521327e-09
2.261280066337277361e+01,4.903083105995066912e-09
2.276970255381679920e+01,4.958968330768487283e-09
2.292769312865648601e+01,5.015189893412483214e-09
2.308677994187169702e+01,5.071746305832169305e-09
2.324697059985647840e+01,5.128636041581487360e-09
2.340827276178291783e+01,5.185857536015639238e-09
2.357069413996727647e+01,5.243409186450276102e-09
2.373424250023866122e+01,5.301289352327497855e-09
2.389892566231050353e+01,5.359496355388703282e-09
2.406475150015424092e+01,5.418028479854022893e-09
2.423172794237598282e+01,5.476883972608566088e-09
2.439986297259550341e+01,5.536061043395183183e-09
2.456916462982790250e+01,5.595557865013813463e-09
2.473964100886814066e+01,5.655372573527437437e-09
2.491130026067788350e+01,5.715503268474355367e-09
2.508415059277538717e+01,5.775948013087009634e-09
2.525820026962784581e+01,5.836704834517065538e-09
2.543345761304648178e+01,5.897771724066795229e-09
2.560993100258459521e+01,5.959146637426760608e-09
2.578762887593800812e+01,6.020827494919543749e-09
2.596655972934869894e+01,6.082812181749717572e-09
2.614673211801092023e+01,6.145098548259743265e-09
2.632815465648020137e+01,6.207684410191863934e-09
2.651083601908538867e+01,6.270567548955966373e-09
2.669478494034320804e+01,6.333745711903154498e-09
2.688001021537604629e+01,6.397216612605204880e-09
2.706652070033241131e+01,6.460977931139623106e-09
2.725432531281027693e+01,6.525027314380306776e-09
2.744343303228365372e+01,6.589362376293837464e-09
2.763385290053169996e+01,6.653980698241086482e-09
2.782559402207125743e+01,6.718879829284352008e-09
2.801866556459195223e+01,6.784057286499645409e-09
2.821307675939470627e+01,6.849510555294325284e-09
2.840883690183304111e+01,6.915237089729781455e-09
2.860595535175741944e+01,6.981234312849163093e-09
2.880444153396297935e+01,7.047499617010173332e-09
2.900430493863991543e+01,7.114030364222590392e-09
2.920555512182745161e+01,7.180823886490737726e-09
2.940820170587063842e+01,7.247877486160547492e-09
2.961225437988034415e+01,7.315188436271250460e-09
2.981772290019673477e+01,7.382753980911684883e-09
3.002461709085549302e+01,7.450571335580888515e-09
3.023294684405776422e+01,7.518637687553184703e-09
3.044272212064302607e+01,7.586950196247418438e-09
3.065395295056526592e+01,7.655505993600347342e-09
3.086664943337274636e+01,7.724302184444187574e-09
3.108082173869063780e+01,7.793335846887985457e-09
3.129648010670750580e+01,7.862604032703005884e-09
3.151363484866479325e+01,7.932103767711788450e-09
3.173229634734976301e+01,8.001832052180889496e-09
3.195247505759213524e+01,8.071785861217285258e-09
3.217418150676371624e+01,8.141962145168135024e-09
3.239742629528195295e+01,8.212357830024033331e-09
3.262222009711669557e+01,8.282969817825488180e-09
3.284857366030043835e+01,8.353794987072547486e-09
3.307649780744242207e+01,8.424830193137613493e-09
3.330600343624588788e+01,8.496072268681109302e-09
3.353710152002928879e+01,8.567518024070136488e-09
3.376980310825091181e+01,8.639164247799849172e-09
3.400411932703705986e+01,8.711007706917480040e-09
3.424006137971425545e+01,8.783045147449043116e-09
3.447764054734464167e+01,8.855273294828369186e-09
3.471686818926559681e+01,8.927688854328654195e-09
3.495775574363275240e+01,9.000288511496171545e-09
3.520031472796679139e+01,9.073068932586159887e-09
3.544455673970435328e+01,9.146026765000863231e-09
3.569049345675229290e+01,9.219158637729387542e-09
3.593813663804625946e+01,9.292461161789564083e-09
3.618749812411280686e+01,9.365930930671453880e-09
3.643858983763544757e+01,9.439564520782536326e-09
3.669142378402494131e+01,9.513358491894510793e-09
3.694601205199302285e+01,9.587309387591421723e-09
3.720236681413065583e+01,9.661413735719272655e-09
3.746050032748993175e+01,9.735668048836781756e-09
3.772042493416997644e+01,9.810068824667275548e-09
3.798215306190736129e+01,9.884612546551739043e-09
3.824569722466998911e+01,9.959295683902646729e-09
3.851107002325569084e+01,1.003411469265877956e-08
3.877828414589457395e+01,1.010906601574069045e-08
3.904735236885559857e+01,1.018414608350680506e-08
3.931828755705770106e+01,1.025935131421017270e-08
3.959110266468458406e+01,1.033467811445548366e-08
3.986581073580438783e+01,1.041012287965661917e-08
4.014242490499322003e+01,1.048568199449430729e-08
4.042095839796306223e+01,1.056135183337395579e-08
4.070142453219438750e+01,1.063712876088362567e-08
4.098383671757261482e+01,1.071300913225180944e-08
4.126820845702951601e+01,1.078898929380522265e-08
4.155455334718875093e+01,1.086506558342625960e-08
4.184288507901580090e+01,1.094123433101012145e-08
4.213321743847289014e+01,1.101749185892162178e-08
4.242556430717777260e+01,1.109383448245132704e-08
4.271993966306776969e+01,1.117025851027124207e-08
4.301635758106795038e+01,1.124676024488969660e-08
4.331483223376398684e+01,1.132333598310544425e-08
4.361537789208005478e+01,1.139998201646098888e-08
4.391800892596086214e+01,1.147669463169478280e-08
4.422273980505897129e+01,1.155347011119253811e-08
4.452958509942655496e+01,1.163030473343728909e-08
4.483855948021186322e+01,1.170719477345821873e-08
4.514967772036101934e+01,1.178413650327829909e-08
4.546295469532399380e+01,1.186112619236036003e-08
4.577840538376616308e+01,1.193816010805185434e-08
4.609604486828433778e+01,1.201523451602793697e-08
4.641588833612777165e+01,1.209234568073292308e-08
4.673795107992463471e+01,1.216948986582012811e-08
4.706224849841281355e+01,1.224666333458972591e-08
4.738879609717650965e+01,1.232386235042493096e-08
4.771760948938745628e+01,1.240108317722607303e-08
4.804870439655129388e+01,1.247832207984267660e-08
4.838209664925957298e+01,1.255557532450352531e-08
4.871780218794631168e+01,1.263283917924439372e-08
4.905583706365045771e+01,1.271010991433367975e-08
4.939621743878320359e+01,1.278738380269562995e-08
4.973895958790062366e+01,1.286465712033114615e-08
5.008407989848212338e+01,1.294192614673625116e-08
5.043159487171358535e+01,1.301918716531786946e-08
5.078152112327676093e+01,1.309643646380718093e-08
5.113387538414325917e+01,1.317367033467013237e-08
5.148867450137492341e+01,1.325088507551540467e-08
5.184593543892913203e+01,1.332807698949946824e-08
5.220567527846975509e+01,1.340524238572879296e-08
5.256791122018424289e+01,1.348237757965926559e-08
5.293266058360561033e+01,1.355947889349246885e-08
5.329994080844087989e+01,1.363654265656909181e-08
5.366976945540476152e+01,1.371356520575914901e-08
5.404216420705915169e+01,1.379054288584907293e-08
5.441714286865892802e+01,1.386747204992570772e-08
5.479472336900287388e+01,1.394434905975689832e-08
5.517492376129123244e+01,1.402117028616893795e-08
5.555776222398877451e+01,1.409793210942056952e-08
5.594325706169377810e+01,1.417463091957358080e-08
5.633142670601357338e+01,1.425126311686005766e-08
5.672228971644543805e+01,1.432782511204599782e-08
5.711586478126429256e+01,1.440431332679152482e-08
5.751217071841613659e+01,1.448072419400743433e-08
5.791122647641758192e+01,1.455705415820809913e-08
5.831305113526224915e+01,1.463329967586081896e-08
5.871766390733255747e+01,1.470945721573130241e-08
5.912508413831875487e+01,1.478552325922556547e-08
5.953533130814370367e+01,1.486149430072792582e-08
5.994842503189408944e+01,1.493736684793519373e-08
6.036438506075869981e+01,1.501313742218709925e-08
6.078323128297230227e+01,1.508880255879267124e-08
6.120498372476696858e+01,1.516435880735284607e-08
6.162966255132942450e+01,1.523980273207904465e-08
6.205728806776500761e+01,1.531513091210770619e-08
6.248788072006894367e+01,1.539033994181097398e-08
6.292146109610344240e+01,1.546542643110314258e-08
6.335804992658247414e+01,1.554038700574319090e-08
6.379766808606282069e+01,1.561521830763314623e-08
6.424033659394190465e+01,1.568991699511229255e-08
6.468607661546327847e+01,1.576447974324736200e-08
6.513490946272803228e+01,1.583890324411839861e-08
6.558685659571428062e+01,1.591318420710058532e-08
6.604193962330305112e+01,1.598731935914179619e-08
6.650018030431118632e+01,1.606130544503585384e-08
6.696160054853221766e+01,1.613513922769173705e-08
6.742622241778342129e+01,1.620881748839831494e-08
6.789406812696105931e+01,1.628233702708497504e-08
6.836516004510238531e+01,1.635569466257789047e-08
6.883952069645496863e+01,1.642888723285195930e-08
6.931717276155407603e+01,1.650191159527854843e-08
6.979813907830660469e+01,1.657476462686876414e-08
7.028244264308345635e+01,1.664744322451255027e-08
7.077010661181888906e+01,1.671994430521333289e-08
7.126115430111745752e+01,1.679226480631833386e-08
7.175560918936928090e+01,1.686440168574464262e-08
7.225349491787214617e+01,1.693635192220074836e-08
7.275483529196225163e+01,1.700811251540390655e-08
7.325965428215229736e+01,1.707968048629300230e-08
7.376797602527730646e+01,1.715105287723708259e-08
7.427982482564918598e+01,1.722222675223960039e-08
7.479522515621820844e+01,1.729319919713814901e-08
7.531420165974367364e+01,1.736396731979999436e-08
7.583677914997190328e+01,1.743452825031313049e-08
7.636298261282242095e+01,1.750487914117298092e-08
7.689283720758312768e+01,1.757501716746483822e-08
7.742636826811269657e+01,1.764493952704183033e-08
7.796360130405228972e+01,1.771464344069864499e-08
7.850456200204509116e+01,1.778412615234087016e-08
7.904927622696420997e+01,1.785338492914996363e-08
7.959777002314986305e+01,1.792241706174401061e-08
8.015006961565404708e+01,1.799121986433404098e-08
8.070620141149498750e+01,1.805979067487617101e-08
8.126619200091946027e+01,1.812812685521935102e-08
8.183006815867389605e+01,1.819622579124885475e-08
8.239785684528519027e+01,1.826408489302559976e-08
8.296958520834907347e+01,1.833170159492103409e-08
8.354528058382862810e+01,1.839907335574797971e-08
8.412497049736118981e+01,1.846619765888712496e-08
8.470868266557401682e+01,1.853307201240930503e-08
8.529644499741024788e+01,1.859969394919372589e-08
8.588828559546249153e+01,1.866606102704181084e-08
8.648423275731717297e+01,1.873217082878710634e-08
8.708431497690723688e+01,1.879802096240087986e-08
8.768856094587427208e+01,1.886360906109366792e-08
8.829699955494092478e+01,1.892893278341278744e-08
8.890965989529158264e+01,1.899398981333561519e-08
8.952657125996400111e+01,1.905877786035901603e-08
9.014776314524917211e+01,1.912329465958452591e-08
9.077326525210223451e+01,1.918753797179970343e-08
9.140310748756232329e+01,1.925150558355539515e-08
9.203731996618220990e+01,1.931519530723903370e-08
9.267593301146882823e+01,1.937860498114408458e-08
9.331897715733238385e+01,1.944173246953545296e-08
9.396648314954690306e+01,1.950457566271113179e-08
9.461848194722001892e+01,1.956713247705990595e-08
9.527500472427290390e+01,1.962940085511520501e-08
9.593608287093147169e+01,1.969137876560525019e-08
9.660174799522646083e+01,1.975306420349929051e-08
9.727203192450537017e+01,1.981445519005021578e-08
9.794696670695395824e+01,1.987554977283334474e-08
9.862658461312820180e+01,1.993634602578153730e-08
9.931091813749800679e+01,1.999684204921671664e-08
1.000000000000000000e+02,2.005703596987763939e-08
